Probability,Images,Name
48.43,"['Joao_Felix_0_1482.jpg', 'Kylian_Mbappe_0_8925.jpg']","['Joao Felix', 'Kylian Mbappe']"
59.16,"['Jan_Oblak_0_5745.jpg', 'sterling12.jpg']","['Jan Oblak', 'Raheem Sterling']"
43.73,"['Jurgen_Klopp_0_4366.jpg', 'firmino12.jpg']","['Jurgen Klopp', 'Roberto Firmino']"
46.17,"['Jurgen_Klopp_0_4077.jpg', 'Toni_Kroos_0_8003.jpg']","['Jurgen Klopp', 'Toni Kroos']"
42.3,"['ronaldinho12.jpg', 'courtois1.jpg']","['Ronaldinho', 'Thibaut Courtois']"
59.26,"['David_Silva_0_3894.jpg', 'Giorgio_Chiellini_0_2030.jpg']","['David Silva', 'Giorgio Chiellini']"
58.13,"['Javier_Mascherano_0_2141.jpg', 'Jan_Oblak_0_7501.jpg']","['Javier Mascherano', 'Jan Oblak']"
44.27,"['Bernd_Leno_0_71.jpg', 'Thomas_Lemar_0_3311.jpg']","['Bernd Leno', 'Thomas Lemar']"
63.79,"['Eden_Hazard_0_8385.jpg', 'Christian_Eriksen_0_4998.jpg']","['Eden Hazard', 'Christian Eriksen']"
55.68,"['Toni_Kroos_0_5340.jpg', 'Marco_Reus_0_4468.jpg']","['Toni Kroos', 'Marco Reus']"
57.62,"['Oliver_Kahn_0_4754.jpg', 'Luis_Figo_0_1616.jpg']","['Oliver Kahn', 'Luis Figo']"
45.85,"['Ronaldo_0_7250.jpg', 'Peter_Schmeichel_0_125.jpg']","['Ronaldo', 'Peter Schmeichel']"
68.08,"['Fernando_Torres_0_5513.jpg', 'Sadio_Mane_0_8500.jpg']","['Fernando Torres', 'Sadio Mane']"
56.95,"['Raul_0_5561.jpg', 'messi12.jpg']","['Raul', 'Lionel Messi']"
46.15,"['Thomas_Muller_0_179.jpg', 'Pep_Guardiola_0_8409.jpg']","['Thomas Muller', 'Pep Guardiola']"
50.2,"['John_Terry_0_1038.jpg', 'Georginio_Wijnaldum_0_5900.jpg']","['John Terry', 'Georginio Wijnaldum']"
47.12,"['Raul_0_8159.jpg', 'Ryan_Giggs_0_7738.jpg']","['Raul', 'Ryan Giggs']"
35.73,"['Oliver_Kahn_0_3942.jpg', 'Vincent_Kompany_0_4187.jpg']","['Oliver Kahn', 'Vincent Kompany']"
41.53,"['Gerard_Pique_0_5806.jpg', 'coutinho12.jpg']","['Gerard Pique', 'Philippe Coutinho']"
33.92,"['muller12.jpg', 'Raheem_Sterling_0_6930.jpg']","['Thomas Muller', 'Raheem Sterling']"
75.25,"['Gerard_Pique_0_2088.jpg', 'Sergio_Augero_0_9130.jpg']","['Gerard Pique', 'Sergio Augero']"
64.24,"['torres12.jpg', 'Robbie_Fowler_0_6438.jpg']","['Fernando Torres', 'Robbie Fowler']"
55.32,"['Thiago_Silva_0_6070.jpg', 'Paulo_Dybala_0_7840.jpg']","['Thiago Silva', 'Paulo Dybala']"
60.5,"['luiz12.jpg', 'Roberto_Carlos_0_8154.jpg']","['David Luiz', 'Roberto Carlos']"
66.45,"['Giorgio_Chiellini_0_8604.jpg', 'Hugo_Lloris_0_2944.jpg']","['Giorgio Chiellini', 'Hugo Lloris']"
68.99,"['Luka_Modric_0_5431.jpg', 'schmeichel12.jpg']","['Luka Modric', 'Peter Schmeichel']"
48.19,"['Joao_Felix_0_2319.jpg', 'Thomas_Lemar_0_4954.jpg']","['Joao Felix', 'Thomas Lemar']"
61.55,"['Javier_Mascherano_0_9666.jpg', 'Pierre_Emerick_Aubameyang_0_7702.jpg']","['Javier Mascherano', 'Pierre Emerick Aubameyang']"
58.69,"['Frank_Lampard_0_8754.jpg', 'Manuel_Neuer_0_9156.jpg']","['Frank Lampard', 'Manuel Neuer']"
71.16,"['Gerard_Pique_0_8464.jpg', 'Pep_Guardiola_0_3356.jpg']","['Gerard Pique', 'Pep Guardiola']"
52.18,"['Xabi_Alonso_0_8135.jpg', 'Wayne_Rooney_0_4161.jpg']","['Xabi Alonso', 'Wayne Rooney']"
40.89,"['Jurgen_Klopp_0_1197.jpg', 'Julian_Draxler_0_9859.jpg']","['Jurgen Klopp', 'Julian Draxler']"
42.13,"['Jose_Mourinho_0_5041.jpg', 'Luis Suarez_0_9118.jpg']","['Jose Mourinho', 'Luis Suarez']"
40.62,"['John_Terry_0_8023.jpg', 'henry12.jpg']","['John Terry', 'Thierry Henry']"
43.82,"['Bernd_Leno_0_9222.jpg', 'Heung_Min_Son_0_3713.jpg']","['Bernd Leno', 'Heung Min Son']"
66.44,"['Thibaut_Courtois_0_4385.jpg', 'Javier_Mascherano_0_9854.jpg']","['Thibaut Courtois', 'Javier Mascherano']"
61.18,"['Cristiano_Ronaldo_0_8808.jpg', 'Falcao_0_8683.jpg']","['Cristiano Ronaldo', 'Falcao']"
54.93,"['Alexis_Sanchez_0_4910.jpg', 'Paulo_Dybala_0_3921.jpg']","['Alexis Sanchez', 'Paulo Dybala']"
54.38,"['Zinedine_Zidane_0_8812.jpg', 'Gianluigi_Buffon_0_698.jpg']","['Zinedine Zidane', 'Gianluigi Buffon']"
53.18,"['Hugo_Lloris_0_3294.jpg', 'Gerard_Pique_0_7762.jpg']","['Hugo Lloris', 'Gerard Pique']"
38.23,"['Kylian_Mbappe_0_966.jpg', 'Harry_Kane_0_5364.jpg']","['Kylian Mbappe', 'Harry Kane']"
40.78,"['Kevin_de_Bruyne_0_7602.jpg', 'Luis Suarez_0_6801.jpg']","['Kevin de Bruyne', 'Luis Suarez']"
57.03,"['Ryan_Giggs_0_2137.jpg', 'Kalidou_Koulibaly_0_2642.jpg']","['Ryan Giggs', 'Kalidou Koulibaly']"
57.82,"['Robert_Lewandowski_0_266.jpg', 'Thierry_Henry_0_5068.jpg']","['Robert Lewandowski', 'Thierry Henry']"
37.32,"['Sadio_Mane_0_9847.jpg', 'Vincent_Kompany_0_5670.jpg']","['Sadio Mane', 'Vincent Kompany']"
39.42,"['Kalidou_Koulibaly_0_6405.jpg', 'Manuel_Neuer_0_3790.jpg']","['Kalidou Koulibaly', 'Manuel Neuer']"
51.24,"['Gerard_Pique_0_9577.jpg', 'David_Luiz_0_7981.jpg']","['Gerard Pique', 'David Luiz']"
45.69,"['reus12.jpg', 'Luka_Modric_0_4139.jpg']","['Marco Reus', 'Luka Modric']"
45.69,"['Timo_Werner_0_7021.jpg', 'Thierry_Henry_0_5068.jpg']","['Timo Werner', 'Thierry Henry']"
50.83,"['Freddie_Ljungberg_0_2757.jpg', 'Harry_Kewell_0_5640.jpg']","['Freddie Ljungberg', 'Harry Kewell']"
58.04,"['Lorenzo_Insigne_0_170.jpg', 'Paulo_Dybala_0_3969.jpg']","['Lorenzo Insigne', 'Paulo Dybala']"
64.73,"['Gabriel_Jesus_0_1364.jpg', 'Ronaldo_0_6600.jpg']","['Gabriel Jesus', 'Ronaldo']"
44.28,"['raul12.jpg', 'Paulo_Dybala_0_4837.jpg']","['Raul', 'Paulo Dybala']"
41.25,"['sterling1.jpg', 'Roberto_Carlos_0_6964.jpg']","['Raheem Sterling', 'Roberto Carlos']"
57.17,"['Thomas_Muller_0_4868.jpg', 'Lorenzo_Insigne_0_9697.jpg']","['Thomas Muller', 'Lorenzo Insigne']"
54.81,"['Thomas_Muller_0_1033.jpg', 'Luis Suarez_0_5497.jpg']","['Thomas Muller', 'Luis Suarez']"
46.59,"['Mohammad_Salah_0_3818.jpg', 'Thierry_Henry_0_2165.jpg']","['Mohammad Salah', 'Thierry Henry']"
44.88,"['Iker_Casillas_0_9184.jpg', 'Jose_Mourinho_0_8450.jpg']","['Iker Casillas', 'Jose Mourinho']"
62.43,"['Dries_Mertens_0_2735.jpg', 'Bernando_Silva_0_714.jpg']","['Dries Mertens', 'Bernando Silva']"
50.23,"['Lorenzo_Insigne_0_9697.jpg', 'suarez12.jpg']","['Lorenzo Insigne', 'Luis Suarez']"
55.14,"['Michael_Ballack_0_922.jpg', 'Dries_Mertens_0_7061.jpg']","['Michael Ballack', 'Dries Mertens']"
39.79,"['dsilva12.jpg', 'Roberto_Firmino_0_8704.jpg']","['David Silva', 'Roberto Firmino']"
45.16,"['Mario_Gotze_0_2876.jpg', 'Dries_Mertens_0_6916.jpg']","['Mario Gotze', 'Dries Mertens']"
45.13,"['Luka_Modric_0_7301.jpg', 'John_Terry_0_1901.jpg']","['Luka Modric', 'John Terry']"
44.46,"['Steven_Gerrard_0_1460.jpg', 'Falcao_0_1354.jpg']","['Steven Gerrard', 'Falcao']"
75.85,"['Lorenzo_Insigne_0_6383.jpg', 'Frank_Lampard_0_143.jpg']","['Lorenzo Insigne', 'Frank Lampard']"
49.8,"['Ryan_Giggs_0_2094.jpg', 'Virgil_van_Dijk_0_3863.jpg']","['Ryan Giggs', 'Virgil van Dijk']"
50.55,"['Petr_Cech_0_15.jpg', 'Peter_Schmeichel_0_8451.jpg']","['Petr Cech', 'Peter Schmeichel']"
48.35,"['Sergio_Ramos_0_5682.jpg', 'Thierry_Henry_0_8858.jpg']","['Sergio Ramos', 'Thierry Henry']"
53.39,"['Xabi_Alonso_0_718.jpg', 'Heung_Min_Son_0_6296.jpg']","['Xabi Alonso', 'Heung Min Son']"
52.98,"['Oliver_Kahn_0_4754.jpg', 'Jurgen_Klopp_0_9888.jpg']","['Oliver Kahn', 'Jurgen Klopp']"
76.78,"['Raheem_Sterling_0_752.jpg', 'Thomas_Lemar_0_7460.jpg']","['Raheem Sterling', 'Thomas Lemar']"
37.17,"['Didier_Drogba_0_4473.jpg', 'Paulo_Dybala_0_9904.jpg']","['Didier Drogba', 'Paulo Dybala']"
57.14,"['Raul_0_9473.jpg', 'Alisson_Becker_0_5821.jpg']","['Raul', 'Alisson Becker']"
52.55,"['Thomas_Tuchel_0_9753.jpg', 'torres12.jpg']","['Thomas Tuchel', 'Fernando Torres']"
58.03,"['gerrard1.jpg', 'Zlatan_Ibrahimovic_0_783.jpg']","['Steven Gerrard', 'Zlatan Ibrahimovic']"
50.06,"['Carlos_Tevez_0_3865.jpg', 'Philippe_Coutinho_0_8830.jpg']","['Carlos Tevez', 'Philippe Coutinho']"
47.54,"['Chrisitan_Pulisic_0_4077.jpg', 'Alexandre_Lacazette_0_3554.jpg']","['Chrisitan Pulisic', 'Alexandre Lacazette']"
75.22,"['Alexandre_Lacazette_0_4867.jpg', 'Memphis_Depay_0_2278.jpg']","['Alexandre Lacazette', 'Memphis Depay']"
66.63,"['augero12.jpg', 'Alexandre_Lacazette_0_3176.jpg']","['Sergio Augero', 'Alexandre Lacazette']"
59.48,"['David_Beckham_0_3833.jpg', 'Hugo_Lloris_0_1396.jpg']","['David Beckham', 'Hugo Lloris']"
37.61,"['Georginio_Wijnaldum_0_6501.jpg', 'Thomas_Tuchel_0_7559.jpg']","['Georginio Wijnaldum', 'Thomas Tuchel']"
68.14,"['Gerard_Pique_0_2856.jpg', 'Mohammad_Salah_0_7219.jpg']","['Gerard Pique', 'Mohammad Salah']"
51.81,"['Kylian_Mbappe_0_8805.jpg', 'Lucas_Moura_0_4117.jpg']","['Kylian Mbappe', 'Lucas Moura']"
60.22,"['Vincent_Kompany_0_2933.jpg', 'Falcao_0_231.jpg']","['Vincent Kompany', 'Falcao']"
56.99,"['Lucas_Moura_0_3969.jpg', 'Chrisitan_Pulisic_0_6616.jpg']","['Lucas Moura', 'Chrisitan Pulisic']"
56.58,"['raul12.jpg', 'Sergio_Augero_0_1001.jpg']","['Raul', 'Sergio Augero']"
44.56,"['Thomas_Tuchel_0_9497.jpg', 'Lucas_Moura_0_1304.jpg']","['Thomas Tuchel', 'Lucas Moura']"
58.49,"['Harry_Kewell_0_4400.jpg', 'Steven_Gerrard_0_7074.jpg']","['Harry Kewell', 'Steven Gerrard']"
59.79,"['Michael_Owen_0_2843.jpg', 'lewandowski12.jpg']","['Michael Owen', 'Robert Lewandowski']"
51.68,"['Ryan_Giggs_0_2346.jpg', 'Vincent_Kompany_0_4187.jpg']","['Ryan Giggs', 'Vincent Kompany']"
55.59,"['Alexandre_Lacazette_0_7834.jpg', 'Fernando_Torres_0_3592.jpg']","['Alexandre Lacazette', 'Fernando Torres']"
56.57,"['Manuel_Neuer_0_6677.jpg', 'Frank_Lampard_0_3905.jpg']","['Manuel Neuer', 'Frank Lampard']"
53.51,"['Zinedine_Zidane_0_1985.jpg', 'Manuel_Neuer_0_9288.jpg']","['Zinedine Zidane', 'Manuel Neuer']"
35.99,"['Karim_Benzema_0_5139.jpg', 'Wayne_Rooney_0_5592.jpg']","['Karim Benzema', 'Wayne Rooney']"
34.14,"['Thomas_Lemar_0_3311.jpg', 'Timo_Werner_0_252.jpg']","['Thomas Lemar', 'Timo Werner']"
46.58,"['Roberto_Firmino_0_8704.jpg', 'David_Beckham_0_3833.jpg']","['Roberto Firmino', 'David Beckham']"
59.51,"['pogba12.jpg', 'ljungberg1.jpg']","['Paul Pogba', 'Freddie Ljungberg']"
63.59,"['cech1.jpg', 'Hugo_Lloris_0_5741.jpg']","['Petr Cech', 'Hugo Lloris']"
55.41,"['Eden_Hazard_0_4862.jpg', 'zidane12.jpg']","['Eden Hazard', 'Zinedine Zidane']"
51.26,"['Alexis_Sanchez_0_541.jpg', 'Dries_Mertens_0_7910.jpg']","['Alexis Sanchez', 'Dries Mertens']"
44.08,"['Kylian_Mbappe_0_3582.jpg', 'Antoine_Griezmann_0_6338.jpg']","['Kylian Mbappe', 'Antoine Griezmann']"
70.27,"['mane12.jpg', 'Ronaldinho_0_5095.jpg']","['Sadio Mane', 'Ronaldinho']"
66.11,"['Sergio_Ramos_0_306.jpg', 'Pep_Guardiola_0_9687.jpg']","['Sergio Ramos', 'Pep Guardiola']"
45.27,"['Kai_Havertz_0_5062.jpg', 'Ryan_Giggs_0_7738.jpg']","['Kai Havertz', 'Ryan Giggs']"
49.75,"['tuchel12.jpg', 'Robbie_Fowler_0_3721.jpg']","['Thomas Tuchel', 'Robbie Fowler']"
64.81,"['Kylian_Mbappe_0_6483.jpg', 'Thiago_Silva_0_5580.jpg']","['Kylian Mbappe', 'Thiago Silva']"
50.5,"['Gianluigi_Buffon_0_9036.jpg', 'Frank_Lampard_0_6221.jpg']","['Gianluigi Buffon', 'Frank Lampard']"
39.71,"['Kevin_de_Bruyne_0_2179.jpg', 'Alexandre_Lacazette_0_3176.jpg']","['Kevin de Bruyne', 'Alexandre Lacazette']"
40.85,"['terry1.jpg', 'Ronaldo_0_1957.jpg']","['John Terry', 'Ronaldo']"
69.51,"['Roberto_Carlos_0_7863.jpg', 'Lorenzo_Insigne_0_9684.jpg']","['Roberto Carlos', 'Lorenzo Insigne']"
72.69,"['Lucas_Moura_0_5736.jpg', 'Mohammad_Salah_0_8058.jpg']","['Lucas Moura', 'Mohammad Salah']"
73.47,"['Paul_Pogba_0_4018.jpg', 'Gabriel_Jesus_0_9078.jpg']","['Paul Pogba', 'Gabriel Jesus']"
45.92,"['Kaka_0_174.jpg', 'Paul_Pogba_0_4807.jpg']","['Kaka', 'Paul Pogba']"
80.11,"['Steven_Gerrard_0_5449.jpg', 'Thibaut_Courtois_0_6190.jpg']","['Steven Gerrard', 'Thibaut Courtois']"
62.88,"['Luka_Modric_0_4139.jpg', 'Sadio_Mane_0_2707.jpg']","['Luka Modric', 'Sadio Mane']"
46.29,"['Thomas_Lemar_0_7928.jpg', 'Thomas_Tuchel_0_3525.jpg']","['Thomas Lemar', 'Thomas Tuchel']"
60.15,"['Joao_Felix_0_9332.jpg', 'Gerard_Pique_0_4500.jpg']","['Joao Felix', 'Gerard Pique']"
59.32,"['Ederson_Moraes_0_6566.jpg', 'Luis Suarez_0_4590.jpg']","['Ederson Moraes', 'Luis Suarez']"
69.69,"['Frank_Lampard_0_1685.jpg', 'Carlos_Tevez_0_4486.jpg']","['Frank Lampard', 'Carlos Tevez']"
59.53,"['havertz12.jpg', 'Luis_Figo_0_3477.jpg']","['Kai Havertz', 'Luis Figo']"
40.61,"['Roberto_Firmino_0_3862.jpg', 'Angel_di_Maria_0_8399.jpg']","['Roberto Firmino', 'Angel di Maria']"
65.83,"['Chrisitan_Pulisic_0_7052.jpg', 'Alexandre_Lacazette_0_3900.jpg']","['Chrisitan Pulisic', 'Alexandre Lacazette']"
65.63,"['Lucas_Moura_0_1356.jpg', 'Gabriel_Jesus_0_4686.jpg']","['Lucas Moura', 'Gabriel Jesus']"
37.52,"['Pep_Guardiola_0_5669.jpg', 'Petr_Cech_0_7188.jpg']","['Pep Guardiola', 'Petr Cech']"
57.95,"['Cristiano_Ronaldo_0_7428.jpg', 'Timo_Werner_0_2172.jpg']","['Cristiano Ronaldo', 'Timo Werner']"
47.75,"['Kai_Havertz_0_6555.jpg', 'Thiago_Silva_0_2936.jpg']","['Kai Havertz', 'Thiago Silva']"
55.28,"['Frank_Lampard_0_6934.jpg', 'felix12.jpg']","['Frank Lampard', 'Joao Felix']"
70.94,"['Lionel_Messi_0_5551.jpg', 'Jan_Oblak_0_633.jpg']","['Lionel Messi', 'Jan Oblak']"
56.56,"['Joao_Felix_0_2319.jpg', 'Manuel_Neuer_0_660.jpg']","['Joao Felix', 'Manuel Neuer']"
58.66,"['Gerard_Pique_0_5809.jpg', 'depay1.jpg']","['Gerard Pique', 'Memphis Depay']"
51.37,"['Gareth_Bale_0_6140.jpg', 'Memphis_Depay_0_9925.jpg']","['Gareth Bale', 'Memphis Depay']"
68.92,"['Bernd_Leno_0_4252.jpg', 'Zlatan_Ibrahimovic_0_6956.jpg']","['Bernd Leno', 'Zlatan Ibrahimovic']"
66.02,"['Frank_Lampard_0_3905.jpg', 'Sergio_Augero_0_8429.jpg']","['Frank Lampard', 'Sergio Augero']"
36.2,"['Gabriel_Jesus_0_1364.jpg', 'Thomas_Muller_0_4868.jpg']","['Gabriel Jesus', 'Thomas Muller']"
54.93,"['depay1.jpg', 'David_Luiz_0_7821.jpg']","['Memphis Depay', 'David Luiz']"
33.76,"['Roberto_Firmino_0_3668.jpg', 'Giorgio_Chiellini_0_8604.jpg']","['Roberto Firmino', 'Giorgio Chiellini']"
39.18,"['zidane1.jpg', 'Chrisitan_Pulisic_0_6651.jpg']","['Zinedine Zidane', 'Chrisitan Pulisic']"
64.77,"['Jan_Oblak_0_4425.jpg', 'Iker_Casillas_0_8382.jpg']","['Jan Oblak', 'Iker Casillas']"
41.89,"['Michael_Owen_0_4222.jpg', 'Gerard_Pique_0_6523.jpg']","['Michael Owen', 'Gerard Pique']"
45.62,"['Lucas_Moura_0_3555.jpg', 'Michael_Ballack_0_4873.jpg']","['Lucas Moura', 'Michael Ballack']"
53.54,"['drogba12.jpg', 'Frank_Lampard_0_8039.jpg']","['Didier Drogba', 'Frank Lampard']"
41.06,"['Gareth_Bale_0_3038.jpg', 'Thibaut_Courtois_0_1010.jpg']","['Gareth Bale', 'Thibaut Courtois']"
70.94,"['lemar12.jpg', 'Thierry_Henry_0_6128.jpg']","['Thomas Lemar', 'Thierry Henry']"
45.49,"['Wayne_Rooney_0_4857.jpg', 'guardiola12.jpg']","['Wayne Rooney', 'Pep Guardiola']"
65.53,"['Thierry_Henry_0_5016.jpg', 'Philippe_Coutinho_0_5156.jpg']","['Thierry Henry', 'Philippe Coutinho']"
43.07,"['carlos1.jpg', 'tsilva1.jpg']","['Roberto Carlos', 'Thiago Silva']"
46.97,"['David_Luiz_0_8696.jpg', 'Lionel_Messi_0_7980.jpg']","['David Luiz', 'Lionel Messi']"
55.7,"['Steven_Gerrard_0_4929.jpg', 'Georginio_Wijnaldum_0_5574.jpg']","['Steven Gerrard', 'Georginio Wijnaldum']"
51.44,"['Fernando_Torres_0_6416.jpg', 'Timo_Werner_0_2172.jpg']","['Fernando Torres', 'Timo Werner']"
53.34,"['Steven_Gerrard_0_505.jpg', 'Michael_Ballack_0_2186.jpg']","['Steven Gerrard', 'Michael Ballack']"
47.0,"['ronaldo12.jpg', 'Ederson_Moraes_0_2933.jpg']","['Ronaldo', 'Ederson Moraes']"
44.46,"['ronaldo1.jpg', 'Bernando_Silva_0_6572.jpg']","['Cristiano Ronaldo', 'Bernando Silva']"
41.93,"['Jan_Oblak_0_6723.jpg', 'lukaku1.jpg']","['Jan Oblak', 'Romelu Lukaku']"
49.92,"['Karim_Benzema_0_584.jpg', 'Michael_Ballack_0_922.jpg']","['Karim Benzema', 'Michael Ballack']"
43.95,"['Alisson_Becker_0_9314.jpg', 'Thomas_Lemar_0_9138.jpg']","['Alisson Becker', 'Thomas Lemar']"
53.13,"['Gabriel_Jesus_0_9078.jpg', 'Virgil_van_Dijk_0_3863.jpg']","['Gabriel Jesus', 'Virgil van Dijk']"
34.96,"['Philippe_Coutinho_0_5156.jpg', 'Romelu_Lukaku_0_9764.jpg']","['Philippe Coutinho', 'Romelu Lukaku']"
57.13,"['Javier_Mascherano_0_6546.jpg', 'Cristiano_Ronaldo_0_7428.jpg']","['Javier Mascherano', 'Cristiano Ronaldo']"
62.74,"['Luis Suarez_0_1920.jpg', 'Steven_Gerrard_0_5449.jpg']","['Luis Suarez', 'Steven Gerrard']"
54.57,"['Robbie_Fowler_0_6424.jpg', 'Gabriel_Jesus_0_3093.jpg']","['Robbie Fowler', 'Gabriel Jesus']"
50.82,"['Ronaldo_0_6624.jpg', 'David_Silva_0_3089.jpg']","['Ronaldo', 'David Silva']"
71.08,"['falcao1.jpg', 'dimaria1.jpg']","['Falcao', 'Angel di Maria']"
65.6,"['Joao_Felix_0_7244.jpg', 'Carles_Puyol_0_8136.jpg']","['Joao Felix', 'Carles Puyol']"
42.01,"['Ederson_Moraes_0_9627.jpg', 'Oliver_Giroud_0_4584.jpg']","['Ederson Moraes', 'Oliver Giroud']"
39.57,"['leno12.jpg', 'Roberto_Firmino_0_2082.jpg']","['Bernd Leno', 'Roberto Firmino']"
51.9,"['Gerard_Pique_0_5806.jpg', 'David_Luiz_0_9636.jpg']","['Gerard Pique', 'David Luiz']"
53.95,"['Eden_Hazard_0_7540.jpg', 'Ronaldinho_0_5095.jpg']","['Eden Hazard', 'Ronaldinho']"
52.44,"['Thiago_Silva_0_5140.jpg', 'Thierry_Henry_0_5730.jpg']","['Thiago Silva', 'Thierry Henry']"
53.41,"['Luka_Modric_0_3103.jpg', 'Ronaldinho_0_7492.jpg']","['Luka Modric', 'Ronaldinho']"
43.81,"['Paul_Pogba_0_7573.jpg', 'Timo_Werner_0_5358.jpg']","['Paul Pogba', 'Timo Werner']"
52.43,"['Steven_Gerrard_0_6675.jpg', 'Robert_Pires_0_7371.jpg']","['Steven Gerrard', 'Robert Pires']"
46.8,"['Vincent_Kompany_0_2933.jpg', 'Iker_Casillas_0_8000.jpg']","['Vincent Kompany', 'Iker Casillas']"
39.35,"['Wayne_Rooney_0_4161.jpg', 'Sergio_Ramos_0_306.jpg']","['Wayne Rooney', 'Sergio Ramos']"
31.69,"['Raheem_Sterling_0_6930.jpg', 'Timo_Werner_0_8530.jpg']","['Raheem Sterling', 'Timo Werner']"
52.07,"['Gareth_Bale_0_1226.jpg', 'Carles_Puyol_0_7102.jpg']","['Gareth Bale', 'Carles Puyol']"
70.38,"['Mohammad_Salah_0_6599.jpg', 'Oliver_Giroud_0_6852.jpg']","['Mohammad Salah', 'Oliver Giroud']"
58.15,"['Jan_Oblak_0_5166.jpg', 'bruyne12.jpg']","['Jan Oblak', 'Kevin de Bruyne']"
46.36,"['Christian_Eriksen_0_9004.jpg', 'owen1.jpg']","['Christian Eriksen', 'Michael Owen']"
57.01,"['Robert_Pires_0_2903.jpg', 'falcao12.jpg']","['Robert Pires', 'Falcao']"
36.76,"['Carles_Puyol_0_5881.jpg', 'Philippe_Coutinho_0_7307.jpg']","['Carles Puyol', 'Philippe Coutinho']"
43.39,"['David_Luiz_0_7784.jpg', 'Bernando_Silva_0_9621.jpg']","['David Luiz', 'Bernando Silva']"
61.43,"['Thomas_Muller_0_9766.jpg', 'Michael_Owen_0_2622.jpg']","['Thomas Muller', 'Michael Owen']"
56.81,"['Sergio_Augero_0_216.jpg', 'Thiago_Silva_0_4097.jpg']","['Sergio Augero', 'Thiago Silva']"
48.94,"['Gianluigi_Buffon_0_5570.jpg', 'Zinedine_Zidane_0_2452.jpg']","['Gianluigi Buffon', 'Zinedine Zidane']"
56.05,"['David_Beckham_0_9023.jpg', 'Chrisitan_Pulisic_0_1088.jpg']","['David Beckham', 'Chrisitan Pulisic']"
57.45,"['Kevin_de_Bruyne_0_7602.jpg', 'Wayne_Rooney_0_5592.jpg']","['Kevin de Bruyne', 'Wayne Rooney']"
46.0,"['alisson12.jpg', 'Kylian_Mbappe_0_6483.jpg']","['Alisson Becker', 'Kylian Mbappe']"
46.23,"['Petr_Cech_0_9036.jpg', 'Ederson_Moraes_0_9627.jpg']","['Petr Cech', 'Ederson Moraes']"
36.29,"['Kaka_0_3492.jpg', 'Luka_Modric_0_4139.jpg']","['Kaka', 'Luka Modric']"
50.71,"['Lionel_Messi_0_7298.jpg', 'Kai_Havertz_0_5001.jpg']","['Lionel Messi', 'Kai Havertz']"
27.33,"['Alexandre_Lacazette_0_323.jpg', 'Oliver_Kahn_0_2376.jpg']","['Alexandre Lacazette', 'Oliver Kahn']"
46.23,"['Philippe_Coutinho_0_5747.jpg', 'Sergio_Augero_0_4314.jpg']","['Philippe Coutinho', 'Sergio Augero']"
56.71,"['Romelu_Lukaku_0_5578.jpg', 'Michael_Ballack_0_6688.jpg']","['Romelu Lukaku', 'Michael Ballack']"
57.82,"['Carlos_Tevez_0_6749.jpg', 'Luis_Figo_0_8552.jpg']","['Carlos Tevez', 'Luis Figo']"
59.62,"['Michael_Ballack_0_4693.jpg', 'Thomas_Tuchel_0_8645.jpg']","['Michael Ballack', 'Thomas Tuchel']"
60.79,"['Roberto_Carlos_0_6964.jpg', 'Lorenzo_Insigne_0_8845.jpg']","['Roberto Carlos', 'Lorenzo Insigne']"
45.48,"['Oliver_Kahn_0_866.jpg', 'Cristiano_Ronaldo_0_4863.jpg']","['Oliver Kahn', 'Cristiano Ronaldo']"
48.51,"['cech1.jpg', 'Alexandre_Lacazette_0_7834.jpg']","['Petr Cech', 'Alexandre Lacazette']"
45.69,"['Kaka_0_2542.jpg', 'Giorgio_Chiellini_0_8604.jpg']","['Kaka', 'Giorgio Chiellini']"
50.04,"['Roberto_Carlos_0_4252.jpg', 'Georginio_Wijnaldum_0_1408.jpg']","['Roberto Carlos', 'Georginio Wijnaldum']"
52.21,"['Manuel_Neuer_0_3017.jpg', 'Ryan_Giggs_0_1340.jpg']","['Manuel Neuer', 'Ryan Giggs']"
49.28,"['Hugo_Lloris_0_6977.jpg', 'Robbie_Fowler_0_2023.jpg']","['Hugo Lloris', 'Robbie Fowler']"
54.09,"['Robert_Lewandowski_0_2307.jpg', 'Robbie_Fowler_0_8719.jpg']","['Robert Lewandowski', 'Robbie Fowler']"
60.97,"['Thierry_Henry_0_3319.jpg', 'Luka_Modric_0_8867.jpg']","['Thierry Henry', 'Luka Modric']"
60.59,"['rooney1.jpg', 'tevez12.jpg']","['Wayne Rooney', 'Carlos Tevez']"
61.76,"['Ryan_Giggs_0_9720.jpg', 'Oliver_Giroud_0_6182.jpg']","['Ryan Giggs', 'Oliver Giroud']"
40.33,"['David_Silva_0_3894.jpg', 'Julian_Draxler_0_7446.jpg']","['David Silva', 'Julian Draxler']"
47.32,"['Angel_di_Maria_0_1846.jpg', 'lemar12.jpg']","['Angel di Maria', 'Thomas Lemar']"
48.79,"['Alexandre_Lacazette_0_3554.jpg', 'Karim_Benzema_0_2074.jpg']","['Alexandre Lacazette', 'Karim Benzema']"
51.03,"['Angel_di_Maria_0_4884.jpg', 'Harry_Kewell_0_4400.jpg']","['Angel di Maria', 'Harry Kewell']"
47.21,"['Angel_di_Maria_0_7585.jpg', 'Memphis_Depay_0_3205.jpg']","['Angel di Maria', 'Memphis Depay']"
59.3,"['Sadio_Mane_0_4039.jpg', 'Roberto_Carlos_0_6517.jpg']","['Sadio Mane', 'Roberto Carlos']"
68.7,"['havertz12.jpg', 'Thibaut_Courtois_0_6766.jpg']","['Kai Havertz', 'Thibaut Courtois']"
69.42,"['Thiago_Silva_0_9234.jpg', 'Thierry_Henry_0_5730.jpg']","['Thiago Silva', 'Thierry Henry']"
57.28,"['Oliver_Kahn_0_4652.jpg', 'David_Beckham_0_3833.jpg']","['Oliver Kahn', 'David Beckham']"
39.29,"['Virgil_van_Dijk_0_9876.jpg', 'Robert_Pires_0_8384.jpg']","['Virgil van Dijk', 'Robert Pires']"
36.09,"['Kalidou_Koulibaly_0_9752.jpg', 'Raul_0_2948.jpg']","['Kalidou Koulibaly', 'Raul']"
44.87,"['Lorenzo_Insigne_0_2882.jpg', 'Virgil_van_Dijk_0_5825.jpg']","['Lorenzo Insigne', 'Virgil van Dijk']"
57.15,"['Eden_Hazard_0_6732.jpg', 'Ederson_Moraes_0_261.jpg']","['Eden Hazard', 'Ederson Moraes']"
45.67,"['Mario_Gotze_0_4250.jpg', 'Thomas_Muller_0_4868.jpg']","['Mario Gotze', 'Thomas Muller']"
52.88,"['Ryan_Giggs_0_3964.jpg', 'Gerard_Pique_0_7226.jpg']","['Ryan Giggs', 'Gerard Pique']"
50.9,"['Giorgio_Chiellini_0_7788.jpg', 'Peter_Schmeichel_0_8451.jpg']","['Giorgio Chiellini', 'Peter Schmeichel']"
46.6,"['Chrisitan_Pulisic_0_885.jpg', 'Wayne_Rooney_0_7307.jpg']","['Chrisitan Pulisic', 'Wayne Rooney']"
44.06,"['lloris1.jpg', 'David_Luiz_0_7784.jpg']","['Hugo Lloris', 'David Luiz']"
57.52,"['Falcao_0_3622.jpg', 'Memphis_Depay_0_8882.jpg']","['Falcao', 'Memphis Depay']"
57.17,"['Sergio_Ramos_0_7345.jpg', 'David_Silva_0_8842.jpg']","['Sergio Ramos', 'David Silva']"
40.3,"['Toni_Kroos_0_3432.jpg', 'Roberto_Carlos_0_3414.jpg']","['Toni Kroos', 'Roberto Carlos']"
56.58,"['Paulo_Dybala_0_7840.jpg', 'neuer1.jpg']","['Paulo Dybala', 'Manuel Neuer']"
77.52,"['Thomas_Lemar_0_9947.jpg', 'Raheem_Sterling_0_309.jpg']","['Thomas Lemar', 'Raheem Sterling']"
51.65,"['Xabi_Alonso_0_5047.jpg', 'Carles_Puyol_0_6134.jpg']","['Xabi Alonso', 'Carles Puyol']"
44.99,"['Gianluigi_Buffon_0_3324.jpg', 'Ederson_Moraes_0_2933.jpg']","['Gianluigi Buffon', 'Ederson Moraes']"
44.2,"['Karim_Benzema_0_4653.jpg', 'Thibaut_Courtois_0_123.jpg']","['Karim Benzema', 'Thibaut Courtois']"
61.74,"['Vincent_Kompany_0_5183.jpg', 'Bernando_Silva_0_9621.jpg']","['Vincent Kompany', 'Bernando Silva']"
70.18,"['Steven_Gerrard_0_4711.jpg', 'Joao_Felix_0_9675.jpg']","['Steven Gerrard', 'Joao Felix']"
54.57,"['Hugo_Lloris_0_975.jpg', 'Alexis_Sanchez_0_4910.jpg']","['Hugo Lloris', 'Alexis Sanchez']"
48.14,"['Memphis_Depay_0_5451.jpg', 'Virgil_van_Dijk_0_7530.jpg']","['Memphis Depay', 'Virgil van Dijk']"
55.92,"['Alexis_Sanchez_0_587.jpg', 'Roberto_Carlos_0_4455.jpg']","['Alexis Sanchez', 'Roberto Carlos']"
54.87,"['Joao_Felix_0_2319.jpg', 'ronaldo12.jpg']","['Joao Felix', 'Ronaldo']"
57.9,"['Kalidou_Koulibaly_0_5332.jpg', 'Pep_Guardiola_0_5669.jpg']","['Kalidou Koulibaly', 'Pep Guardiola']"
61.37,"['Hugo_Lloris_0_9697.jpg', 'Joao_Felix_0_1014.jpg']","['Hugo Lloris', 'Joao Felix']"
50.35,"['Ederson_Moraes_0_5234.jpg', 'Dries_Mertens_0_3636.jpg']","['Ederson Moraes', 'Dries Mertens']"
50.38,"['tevez1.jpg', 'Zinedine_Zidane_0_2195.jpg']","['Carlos Tevez', 'Zinedine Zidane']"
39.58,"['Javier_Mascherano_0_2617.jpg', 'cech12.jpg']","['Javier Mascherano', 'Petr Cech']"
62.62,"['Robert_Pires_0_3860.jpg', 'Gareth_Bale_0_9169.jpg']","['Robert Pires', 'Gareth Bale']"
45.82,"['Jurgen_Klopp_0_9368.jpg', 'Hugo_Lloris_0_7442.jpg']","['Jurgen Klopp', 'Hugo Lloris']"
56.4,"['Christian_Eriksen_0_5192.jpg', 'ederson12.jpg']","['Christian Eriksen', 'Ederson Moraes']"
60.7,"['Alexis_Sanchez_0_541.jpg', 'Michael_Owen_0_9455.jpg']","['Alexis Sanchez', 'Michael Owen']"
52.69,"['Kalidou_Koulibaly_0_3500.jpg', 'Sergio_Ramos_0_4604.jpg']","['Kalidou Koulibaly', 'Sergio Ramos']"
63.98,"['Timo_Werner_0_788.jpg', 'Zlatan_Ibrahimovic_0_4819.jpg']","['Timo Werner', 'Zlatan Ibrahimovic']"
40.79,"['Ederson_Moraes_0_7444.jpg', 'John_Terry_0_3476.jpg']","['Ederson Moraes', 'John Terry']"
67.95,"['Memphis_Depay_0_5451.jpg', 'Gabriel_Jesus_0_2557.jpg']","['Memphis Depay', 'Gabriel Jesus']"
53.43,"['Peter_Schmeichel_0_7235.jpg', 'Harry_Kewell_0_8614.jpg']","['Peter Schmeichel', 'Harry Kewell']"
56.17,"['Cristiano_Ronaldo_0_3295.jpg', 'Thiago_Silva_0_2306.jpg']","['Cristiano Ronaldo', 'Thiago Silva']"
38.92,"['felix12.jpg', 'Kylian_Mbappe_0_431.jpg']","['Joao Felix', 'Kylian Mbappe']"
71.97,"['Mohammad_Salah_0_8058.jpg', 'Sergio_Ramos_0_3455.jpg']","['Mohammad Salah', 'Sergio Ramos']"
62.24,"['Didier_Drogba_0_5048.jpg', 'ronaldinho1.jpg']","['Didier Drogba', 'Ronaldinho']"
50.26,"['Timo_Werner_0_3468.jpg', 'Vincent_Kompany_0_5026.jpg']","['Timo Werner', 'Vincent Kompany']"
33.54,"['Kylian_Mbappe_0_5966.jpg', 'David_Beckham_0_226.jpg']","['Kylian Mbappe', 'David Beckham']"
57.16,"['Ryan_Giggs_0_4768.jpg', 'Zinedine_Zidane_0_6214.jpg']","['Ryan Giggs', 'Zinedine Zidane']"
46.72,"['Angel_di_Maria_0_9988.jpg', 'Javier_Mascherano_0_8127.jpg']","['Angel di Maria', 'Javier Mascherano']"
45.61,"['Toni_Kroos_0_9030.jpg', 'David_Silva_0_2687.jpg']","['Toni Kroos', 'David Silva']"
40.2,"['Kaka_0_8760.jpg', 'Bernd_Leno_0_2581.jpg']","['Kaka', 'Bernd Leno']"
52.52,"['Iker_Casillas_0_396.jpg', 'firmino1.jpg']","['Iker Casillas', 'Roberto Firmino']"
55.19,"['Chrisitan_Pulisic_0_3514.jpg', 'Kaka_0_9799.jpg']","['Chrisitan Pulisic', 'Kaka']"
66.29,"['Peter_Schmeichel_0_1536.jpg', 'Oliver_Kahn_0_9040.jpg']","['Peter Schmeichel', 'Oliver Kahn']"
57.71,"['Steven_Gerrard_0_4929.jpg', 'Romelu_Lukaku_0_1285.jpg']","['Steven Gerrard', 'Romelu Lukaku']"
54.25,"['Hugo_Lloris_0_686.jpg', 'Falcao_0_7215.jpg']","['Hugo Lloris', 'Falcao']"
58.97,"['Javier_Mascherano_0_9483.jpg', 'Gianluigi_Buffon_0_4886.jpg']","['Javier Mascherano', 'Gianluigi Buffon']"
51.34,"['Kevin_de_Bruyne_0_3791.jpg', 'Iker_Casillas_0_3687.jpg']","['Kevin de Bruyne', 'Iker Casillas']"
45.7,"['Thomas_Muller_0_3996.jpg', 'Vincent_Kompany_0_9434.jpg']","['Thomas Muller', 'Vincent Kompany']"
60.8,"['Thiago_Silva_0_2233.jpg', 'Joao_Felix_0_8393.jpg']","['Thiago Silva', 'Joao Felix']"
62.06,"['mascherano1.jpg', 'Jose_Mourinho_0_6909.jpg']","['Javier Mascherano', 'Jose Mourinho']"
42.21,"['Paulo_Dybala_0_4837.jpg', 'Heung_Min_Son_0_2598.jpg']","['Paulo Dybala', 'Heung Min Son']"
46.92,"['Paulo_Dybala_0_8067.jpg', 'Romelu_Lukaku_0_8011.jpg']","['Paulo Dybala', 'Romelu Lukaku']"
44.54,"['Memphis_Depay_0_4087.jpg', 'Jose_Mourinho_0_6909.jpg']","['Memphis Depay', 'Jose Mourinho']"
60.35,"['Zlatan_Ibrahimovic_0_1037.jpg', 'Jan_Oblak_0_6269.jpg']","['Zlatan Ibrahimovic', 'Jan Oblak']"
54.25,"['Oliver_Giroud_0_1414.jpg', 'Freddie_Ljungberg_0_4047.jpg']","['Oliver Giroud', 'Freddie Ljungberg']"
51.74,"['Marco_Reus_0_7025.jpg', 'Antoine_Griezmann_0_8255.jpg']","['Marco Reus', 'Antoine Griezmann']"
20.71,"['leno12.jpg', 'Sadio_Mane_0_1935.jpg']","['Bernd Leno', 'Sadio Mane']"
58.36,"['Xabi_Alonso_0_9019.jpg', 'Pierre_Emerick_Aubameyang_0_8744.jpg']","['Xabi Alonso', 'Pierre Emerick Aubameyang']"
45.74,"['Christian_Eriksen_0_6915.jpg', 'Ederson_Moraes_0_9627.jpg']","['Christian Eriksen', 'Ederson Moraes']"
54.25,"['Gareth_Bale_0_3038.jpg', 'Kai_Havertz_0_9831.jpg']","['Gareth Bale', 'Kai Havertz']"
60.0,"['Mohammad_Salah_0_7219.jpg', 'Gianluigi_Buffon_0_582.jpg']","['Mohammad Salah', 'Gianluigi Buffon']"
42.65,"['Jose_Mourinho_0_5903.jpg', 'Gabriel_Jesus_0_3093.jpg']","['Jose Mourinho', 'Gabriel Jesus']"
59.36,"['Cristiano_Ronaldo_0_1454.jpg', 'zidane12.jpg']","['Cristiano Ronaldo', 'Zinedine Zidane']"
70.95,"['Angel_di_Maria_0_8426.jpg', 'Raul_0_9473.jpg']","['Angel di Maria', 'Raul']"
45.73,"['Fernando_Torres_0_3077.jpg', 'Harry_Kane_0_5525.jpg']","['Fernando Torres', 'Harry Kane']"
34.93,"['Roberto_Firmino_0_7463.jpg', 'Hugo_Lloris_0_3294.jpg']","['Roberto Firmino', 'Hugo Lloris']"
46.95,"['Thierry_Henry_0_5730.jpg', 'Thibaut_Courtois_0_6220.jpg']","['Thierry Henry', 'Thibaut Courtois']"
64.25,"['Luis Suarez_0_9009.jpg', 'Pierre_Emerick_Aubameyang_0_8744.jpg']","['Luis Suarez', 'Pierre Emerick Aubameyang']"
64.7,"['Robert_Lewandowski_0_1908.jpg', 'Alisson_Becker_0_65.jpg']","['Robert Lewandowski', 'Alisson Becker']"
43.59,"['Toni_Kroos_0_9030.jpg', 'Xabi_Alonso_0_6040.jpg']","['Toni Kroos', 'Xabi Alonso']"
57.98,"['Luis Suarez_0_1867.jpg', 'Virgil_van_Dijk_0_7398.jpg']","['Luis Suarez', 'Virgil van Dijk']"
61.48,"['Alexis_Sanchez_0_7414.jpg', 'Gianluigi_Buffon_0_9170.jpg']","['Alexis Sanchez', 'Gianluigi Buffon']"
44.86,"['Giorgio_Chiellini_0_3576.jpg', 'Cristiano_Ronaldo_0_125.jpg']","['Giorgio Chiellini', 'Cristiano Ronaldo']"
52.8,"['griezmann12.jpg', 'Julian_Draxler_0_119.jpg']","['Antoine Griezmann', 'Julian Draxler']"
43.81,"['Freddie_Ljungberg_0_5640.jpg', 'Romelu_Lukaku_0_8011.jpg']","['Freddie Ljungberg', 'Romelu Lukaku']"
52.56,"['Oliver_Giroud_0_352.jpg', 'havertz12.jpg']","['Oliver Giroud', 'Kai Havertz']"
29.01,"['Paul_Pogba_0_4763.jpg', 'Kai_Havertz_0_6253.jpg']","['Paul Pogba', 'Kai Havertz']"
56.68,"['Thierry_Henry_0_5504.jpg', 'Luis Suarez_0_7167.jpg']","['Thierry Henry', 'Luis Suarez']"
63.69,"['Pierre_Emerick_Aubameyang_0_78.jpg', 'Kalidou_Koulibaly_0_3217.jpg']","['Pierre Emerick Aubameyang', 'Kalidou Koulibaly']"
61.83,"['Carlos_Tevez_0_8045.jpg', 'Paulo_Dybala_0_5847.jpg']","['Carlos Tevez', 'Paulo Dybala']"
56.09,"['Zinedine_Zidane_0_2195.jpg', 'Didier_Drogba_0_9383.jpg']","['Zinedine Zidane', 'Didier Drogba']"
45.92,"['Freddie_Ljungberg_0_3246.jpg', 'Philippe_Coutinho_0_24.jpg']","['Freddie Ljungberg', 'Philippe Coutinho']"
55.31,"['Falcao_0_8683.jpg', 'Robert_Pires_0_8454.jpg']","['Falcao', 'Robert Pires']"
71.97,"['insigne1.jpg', 'Christian_Eriksen_0_550.jpg']","['Lorenzo Insigne', 'Christian Eriksen']"
55.55,"['Gareth_Bale_0_3112.jpg', 'Mohammad_Salah_0_9894.jpg']","['Gareth Bale', 'Mohammad Salah']"
45.44,"['Paul_Pogba_0_9604.jpg', 'Jurgen_Klopp_0_9352.jpg']","['Paul Pogba', 'Jurgen Klopp']"
39.37,"['mourinho12.jpg', 'Paul_Pogba_0_3851.jpg']","['Jose Mourinho', 'Paul Pogba']"
58.08,"['Gabriel_Jesus_0_9079.jpg', 'Kylian_Mbappe_0_2241.jpg']","['Gabriel Jesus', 'Kylian Mbappe']"
40.23,"['Peter_Schmeichel_0_8455.jpg', 'Thibaut_Courtois_0_9509.jpg']","['Peter Schmeichel', 'Thibaut Courtois']"
53.83,"['Zlatan_Ibrahimovic_0_9099.jpg', 'Karim_Benzema_0_9512.jpg']","['Zlatan Ibrahimovic', 'Karim Benzema']"
38.66,"['aubameyang12.jpg', 'Kaka_0_6310.jpg']","['Pierre Emerick Aubameyang', 'Kaka']"
49.65,"['Zinedine_Zidane_0_6214.jpg', 'Mario_Gotze_0_2748.jpg']","['Zinedine Zidane', 'Mario Gotze']"
52.15,"['Roberto_Carlos_0_151.jpg', 'Carlos_Tevez_0_9711.jpg']","['Roberto Carlos', 'Carlos Tevez']"
58.08,"['Lorenzo_Insigne_0_170.jpg', 'Timo_Werner_0_1478.jpg']","['Lorenzo Insigne', 'Timo Werner']"
56.42,"['Eden_Hazard_0_5971.jpg', 'gotze12.jpg']","['Eden Hazard', 'Mario Gotze']"
55.88,"['Christian_Eriksen_0_4998.jpg', 'Vincent_Kompany_0_9434.jpg']","['Christian Eriksen', 'Vincent Kompany']"
46.43,"['bale12.jpg', 'Steven_Gerrard_0_5449.jpg']","['Gareth Bale', 'Steven Gerrard']"
57.52,"['Sergio_Ramos_0_4452.jpg', 'Vincent_Kompany_0_1535.jpg']","['Sergio Ramos', 'Vincent Kompany']"
44.02,"['Mario_Gotze_0_7447.jpg', 'Mohammad_Salah_0_8510.jpg']","['Mario Gotze', 'Mohammad Salah']"
36.17,"['Giorgio_Chiellini_0_3762.jpg', 'Oliver_Kahn_0_2778.jpg']","['Giorgio Chiellini', 'Oliver Kahn']"
60.22,"['Toni_Kroos_0_8542.jpg', 'Kai_Havertz_0_1313.jpg']","['Toni Kroos', 'Kai Havertz']"
45.08,"['tevez12.jpg', 'sane1.jpg']","['Carlos Tevez', 'Leroy Sane']"
63.82,"['Timo_Werner_0_9247.jpg', 'Ryan_Giggs_0_2715.jpg']","['Timo Werner', 'Ryan Giggs']"
52.62,"['Luis Suarez_0_1980.jpg', 'Thomas_Tuchel_0_8645.jpg']","['Luis Suarez', 'Thomas Tuchel']"
52.93,"['Thiago_Silva_0_2306.jpg', 'Pep_Guardiola_0_6124.jpg']","['Thiago Silva', 'Pep Guardiola']"
54.24,"['Kalidou_Koulibaly_0_2197.jpg', 'Oliver_Giroud_0_6.jpg']","['Kalidou Koulibaly', 'Oliver Giroud']"
48.54,"['Didier_Drogba_0_4473.jpg', 'Roberto_Carlos_0_8154.jpg']","['Didier Drogba', 'Roberto Carlos']"
41.77,"['Philippe_Coutinho_0_1726.jpg', 'Fernando_Torres_0_5840.jpg']","['Philippe Coutinho', 'Fernando Torres']"
50.76,"['Kai_Havertz_0_4152.jpg', 'Thierry_Henry_0_5504.jpg']","['Kai Havertz', 'Thierry Henry']"
49.42,"['Kevin_de_Bruyne_0_1951.jpg', 'Luka_Modric_0_7481.jpg']","['Kevin de Bruyne', 'Luka Modric']"
64.03,"['augero12.jpg', 'Thiago_Silva_0_2306.jpg']","['Sergio Augero', 'Thiago Silva']"
67.59,"['Thomas_Lemar_0_8080.jpg', 'Romelu_Lukaku_0_7107.jpg']","['Thomas Lemar', 'Romelu Lukaku']"
49.26,"['Luis Suarez_0_9009.jpg', 'Vincent_Kompany_0_5579.jpg']","['Luis Suarez', 'Vincent Kompany']"
45.47,"['David_Silva_0_4915.jpg', 'griezmann12.jpg']","['David Silva', 'Antoine Griezmann']"
43.71,"['Vincent_Kompany_0_2349.jpg', 'Bernd_Leno_0_9460.jpg']","['Vincent Kompany', 'Bernd Leno']"
38.87,"['Ryan_Giggs_0_1340.jpg', 'Robert_Pires_0_7008.jpg']","['Ryan Giggs', 'Robert Pires']"
56.71,"['Fernando_Torres_0_6416.jpg', 'Thibaut_Courtois_0_3831.jpg']","['Fernando Torres', 'Thibaut Courtois']"
35.74,"['Roberto_Firmino_0_3668.jpg', 'eriksen1.jpg']","['Roberto Firmino', 'Christian Eriksen']"
32.7,"['Jurgen_Klopp_0_1239.jpg', 'Thomas_Tuchel_0_158.jpg']","['Jurgen Klopp', 'Thomas Tuchel']"
60.41,"['Iker_Casillas_0_8000.jpg', 'Mohammad_Salah_0_2661.jpg']","['Iker Casillas', 'Mohammad Salah']"
61.44,"['Kai_Havertz_0_9599.jpg', 'hazard12.jpg']","['Kai Havertz', 'Eden Hazard']"
59.97,"['pulisic12.jpg', 'Lorenzo_Insigne_0_6865.jpg']","['Chrisitan Pulisic', 'Lorenzo Insigne']"
53.72,"['muller12.jpg', 'Sergio_Ramos_0_9031.jpg']","['Thomas Muller', 'Sergio Ramos']"
67.56,"['guardiola1.jpg', 'Karim_Benzema_0_9148.jpg']","['Pep Guardiola', 'Karim Benzema']"
55.09,"['Peter_Schmeichel_0_6067.jpg', 'stegen1.jpg']","['Peter Schmeichel', 'Marc-Andre ter Stegen']"
40.43,"['David_Silva_0_5997.jpg', 'pogba12.jpg']","['David Silva', 'Paul Pogba']"
51.04,"['Angel_di_Maria_0_525.jpg', 'Ronaldinho_0_7731.jpg']","['Angel di Maria', 'Ronaldinho']"
62.19,"['Manuel_Neuer_0_3655.jpg', 'Roberto_Carlos_0_9352.jpg']","['Manuel Neuer', 'Roberto Carlos']"
50.97,"['Oliver_Giroud_0_7230.jpg', 'ronaldo1.jpg']","['Oliver Giroud', 'Cristiano Ronaldo']"
58.83,"['Ronaldinho_0_9543.jpg', 'Robert_Lewandowski_0_4653.jpg']","['Ronaldinho', 'Robert Lewandowski']"
43.91,"['Sergio_Augero_0_2966.jpg', 'tuchel1.jpg']","['Sergio Augero', 'Thomas Tuchel']"
38.7,"['Robert_Pires_0_2791.jpg', 'Didier_Drogba_0_6141.jpg']","['Robert Pires', 'Didier Drogba']"
44.88,"['Kaka_0_2522.jpg', 'Eden_Hazard_0_4038.jpg']","['Kaka', 'Eden Hazard']"
71.59,"['Hugo_Lloris_0_2871.jpg', 'Marc-Andre_ter_Stegen_0_7776.jpg']","['Hugo Lloris', 'Marc-Andre ter Stegen']"
56.34,"['Raul_0_1631.jpg', 'Michael_Ballack_0_4873.jpg']","['Raul', 'Michael Ballack']"
49.82,"['Steven_Gerrard_0_4711.jpg', 'sanchez12.jpg']","['Steven Gerrard', 'Alexis Sanchez']"
48.56,"['Joao_Felix_0_9675.jpg', 'Gareth_Bale_0_7532.jpg']","['Joao Felix', 'Gareth Bale']"
57.81,"['kewell12.jpg', 'Frank_Lampard_0_3525.jpg']","['Harry Kewell', 'Frank Lampard']"
55.49,"['Michael_Ballack_0_4876.jpg', 'Wayne_Rooney_0_738.jpg']","['Michael Ballack', 'Wayne Rooney']"
52.39,"['Javier_Mascherano_0_9930.jpg', 'Thomas_Tuchel_0_9753.jpg']","['Javier Mascherano', 'Thomas Tuchel']"
31.54,"['mbappe12.jpg', 'Kai_Havertz_0_3367.jpg']","['Kylian Mbappe', 'Kai Havertz']"
52.49,"['Virgil_van_Dijk_0_6779.jpg', 'Fernando_Torres_0_1019.jpg']","['Virgil van Dijk', 'Fernando Torres']"
33.59,"['Memphis_Depay_0_3996.jpg', 'Gareth_Bale_0_7975.jpg']","['Memphis Depay', 'Gareth Bale']"
39.41,"['Zlatan_Ibrahimovic_0_6361.jpg', 'Sadio_Mane_0_4039.jpg']","['Zlatan Ibrahimovic', 'Sadio Mane']"
50.1,"['Michael_Owen_0_8695.jpg', 'Heung_Min_Son_0_3943.jpg']","['Michael Owen', 'Heung Min Son']"
50.81,"['Joao_Felix_0_8993.jpg', 'Mario_Gotze_0_7260.jpg']","['Joao Felix', 'Mario Gotze']"
49.08,"['Sadio_Mane_0_8031.jpg', 'Raul_0_9028.jpg']","['Sadio Mane', 'Raul']"
47.21,"['Heung_Min_Son_0_3859.jpg', 'Jan_Oblak_0_3099.jpg']","['Heung Min Son', 'Jan Oblak']"
37.21,"['Roberto_Firmino_0_4904.jpg', 'Karim_Benzema_0_5729.jpg']","['Roberto Firmino', 'Karim Benzema']"
59.56,"['Carles_Puyol_0_4959.jpg', 'Steven_Gerrard_0_6540.jpg']","['Carles Puyol', 'Steven Gerrard']"
46.13,"['Luis Suarez_0_7339.jpg', 'Roberto_Firmino_0_1828.jpg']","['Luis Suarez', 'Roberto Firmino']"
46.04,"['Robert_Pires_0_8392.jpg', 'Luis_Figo_0_3477.jpg']","['Robert Pires', 'Luis Figo']"
53.61,"['Ronaldinho_0_9113.jpg', 'Antoine_Griezmann_0_7402.jpg']","['Ronaldinho', 'Antoine Griezmann']"
61.08,"['mertens1.jpg', 'Michael_Owen_0_5199.jpg']","['Dries Mertens', 'Michael Owen']"
51.85,"['Harry_Kewell_0_9548.jpg', 'Heung_Min_Son_0_7925.jpg']","['Harry Kewell', 'Heung Min Son']"
55.99,"['David_Silva_0_7771.jpg', 'Giorgio_Chiellini_0_510.jpg']","['David Silva', 'Giorgio Chiellini']"
47.87,"['Kaka_0_4173.jpg', 'Timo_Werner_0_9399.jpg']","['Kaka', 'Timo Werner']"
47.72,"['Roberto_Carlos_0_4299.jpg', 'Xabi_Alonso_0_7846.jpg']","['Roberto Carlos', 'Xabi Alonso']"
44.0,"['Thomas_Muller_0_8863.jpg', 'sterling12.jpg']","['Thomas Muller', 'Raheem Sterling']"
48.43,"['Ryan_Giggs_0_4826.jpg', 'Alisson_Becker_0_962.jpg']","['Ryan Giggs', 'Alisson Becker']"
53.4,"['Joao_Felix_0_7244.jpg', 'Roberto_Firmino_0_8947.jpg']","['Joao Felix', 'Roberto Firmino']"
60.38,"['Lucas_Moura_0_6667.jpg', 'Harry_Kane_0_4306.jpg']","['Lucas Moura', 'Harry Kane']"
37.56,"['Iker_Casillas_0_4234.jpg', 'Kevin_de_Bruyne_0_2179.jpg']","['Iker Casillas', 'Kevin de Bruyne']"
67.15,"['Luis Suarez_0_7167.jpg', 'Xabi_Alonso_0_9665.jpg']","['Luis Suarez', 'Xabi Alonso']"
53.56,"['Michael_Ballack_0_922.jpg', 'Ryan_Giggs_0_6714.jpg']","['Michael Ballack', 'Ryan Giggs']"
58.63,"['Freddie_Ljungberg_0_6968.jpg', 'Ryan_Giggs_0_7671.jpg']","['Freddie Ljungberg', 'Ryan Giggs']"
40.16,"['Iker_Casillas_0_8382.jpg', 'Virgil_van_Dijk_0_7926.jpg']","['Iker Casillas', 'Virgil van Dijk']"
49.17,"['Wayne_Rooney_0_4161.jpg', 'Jurgen_Klopp_0_4077.jpg']","['Wayne Rooney', 'Jurgen Klopp']"
59.35,"['Giorgio_Chiellini_0_510.jpg', 'Harry_Kewell_0_9759.jpg']","['Giorgio Chiellini', 'Harry Kewell']"
50.51,"['Thomas_Muller_0_8863.jpg', 'Virgil_van_Dijk_0_4302.jpg']","['Thomas Muller', 'Virgil van Dijk']"
49.75,"['David_Luiz_0_1029.jpg', 'Zlatan_Ibrahimovic_0_783.jpg']","['David Luiz', 'Zlatan Ibrahimovic']"
49.43,"['Philippe_Coutinho_0_8678.jpg', 'Thomas_Muller_0_179.jpg']","['Philippe Coutinho', 'Thomas Muller']"
64.78,"['Kevin_de_Bruyne_0_9780.jpg', 'Timo_Werner_0_2842.jpg']","['Kevin de Bruyne', 'Timo Werner']"
49.65,"['Jurgen_Klopp_0_3329.jpg', 'Ronaldinho_0_8893.jpg']","['Jurgen Klopp', 'Ronaldinho']"
53.18,"['Virgil_van_Dijk_0_5913.jpg', 'Luis_Figo_0_8655.jpg']","['Virgil van Dijk', 'Luis Figo']"
47.99,"['griezmann1.jpg', 'Sergio_Ramos_0_5682.jpg']","['Antoine Griezmann', 'Sergio Ramos']"
44.79,"['Robert_Pires_0_4054.jpg', 'Michael_Ballack_0_4876.jpg']","['Robert Pires', 'Michael Ballack']"
55.94,"['Marc-Andre_ter_Stegen_0_7916.jpg', 'Joao_Felix_0_9697.jpg']","['Marc-Andre ter Stegen', 'Joao Felix']"
56.26,"['Vincent_Kompany_0_3022.jpg', 'Luis Suarez_0_2674.jpg']","['Vincent Kompany', 'Luis Suarez']"
42.25,"['Luka_Modric_0_5431.jpg', 'casillas1.jpg']","['Luka Modric', 'Iker Casillas']"
50.11,"['Raheem_Sterling_0_7026.jpg', 'Joao_Felix_0_9685.jpg']","['Raheem Sterling', 'Joao Felix']"
42.89,"['Harry_Kane_0_6863.jpg', 'David_Silva_0_5452.jpg']","['Harry Kane', 'David Silva']"
57.09,"['Manuel_Neuer_0_3017.jpg', 'Pierre_Emerick_Aubameyang_0_7504.jpg']","['Manuel Neuer', 'Pierre Emerick Aubameyang']"
65.82,"['Karim_Benzema_0_4523.jpg', 'Alexandre_Lacazette_0_2222.jpg']","['Karim Benzema', 'Alexandre Lacazette']"
56.6,"['Luis_Figo_0_2792.jpg', 'Oliver_Kahn_0_2019.jpg']","['Luis Figo', 'Oliver Kahn']"
54.63,"['Kaka_0_6681.jpg', 'Falcao_0_8105.jpg']","['Kaka', 'Falcao']"
64.33,"['Kevin_de_Bruyne_0_3338.jpg', 'David_Beckham_0_8755.jpg']","['Kevin de Bruyne', 'David Beckham']"
39.47,"['Lucas_Moura_0_2090.jpg', 'Kai_Havertz_0_6253.jpg']","['Lucas Moura', 'Kai Havertz']"
47.0,"['Gerard_Pique_0_6523.jpg', 'Marco_Reus_0_9988.jpg']","['Gerard Pique', 'Marco Reus']"
76.61,"['Carles_Puyol_0_8321.jpg', 'Petr_Cech_0_5516.jpg']","['Carles Puyol', 'Petr Cech']"
55.87,"['Thibaut_Courtois_0_123.jpg', 'Mohammad_Salah_0_4414.jpg']","['Thibaut Courtois', 'Mohammad Salah']"
58.04,"['Zlatan_Ibrahimovic_0_9800.jpg', 'Bernd_Leno_0_4446.jpg']","['Zlatan Ibrahimovic', 'Bernd Leno']"
44.98,"['Roberto_Carlos_0_2409.jpg', 'salah1.jpg']","['Roberto Carlos', 'Mohammad Salah']"
37.04,"['Toni_Kroos_0_9789.jpg', 'Iker_Casillas_0_9828.jpg']","['Toni Kroos', 'Iker Casillas']"
36.25,"['mbappe1.jpg', 'Lionel_Messi_0_4624.jpg']","['Kylian Mbappe', 'Lionel Messi']"
46.9,"['David_Luiz_0_1029.jpg', 'Alisson_Becker_0_5897.jpg']","['David Luiz', 'Alisson Becker']"
33.82,"['Raul_0_2948.jpg', 'David_Luiz_0_7981.jpg']","['Raul', 'David Luiz']"
59.19,"['Alisson_Becker_0_9148.jpg', 'Pierre_Emerick_Aubameyang_0_8744.jpg']","['Alisson Becker', 'Pierre Emerick Aubameyang']"
48.54,"['Marc-Andre_ter_Stegen_0_7916.jpg', 'Giorgio_Chiellini_0_6155.jpg']","['Marc-Andre ter Stegen', 'Giorgio Chiellini']"
64.1,"['Raul_0_1474.jpg', 'Angel_di_Maria_0_8399.jpg']","['Raul', 'Angel di Maria']"
57.52,"['Roberto_Carlos_0_4991.jpg', 'Gareth_Bale_0_6140.jpg']","['Roberto Carlos', 'Gareth Bale']"
44.57,"['Heung_Min_Son_0_3713.jpg', 'Alisson_Becker_0_6135.jpg']","['Heung Min Son', 'Alisson Becker']"
63.34,"['Gareth_Bale_0_2187.jpg', 'Roberto_Carlos_0_9352.jpg']","['Gareth Bale', 'Roberto Carlos']"
43.3,"['Carles_Puyol_0_9761.jpg', 'Thierry_Henry_0_6028.jpg']","['Carles Puyol', 'Thierry Henry']"
40.26,"['Xabi_Alonso_0_6040.jpg', 'Kylian_Mbappe_0_8400.jpg']","['Xabi Alonso', 'Kylian Mbappe']"
40.65,"['David_Luiz_0_7437.jpg', 'Thierry_Henry_0_2562.jpg']","['David Luiz', 'Thierry Henry']"
33.84,"['Sergio_Ramos_0_1917.jpg', 'Bernd_Leno_0_4329.jpg']","['Sergio Ramos', 'Bernd Leno']"
49.9,"['Joao_Felix_0_2197.jpg', 'Alexandre_Lacazette_0_5275.jpg']","['Joao Felix', 'Alexandre Lacazette']"
45.49,"['Thomas_Lemar_0_968.jpg', 'Mohammad_Salah_0_5230.jpg']","['Thomas Lemar', 'Mohammad Salah']"
50.88,"['John_Terry_0_542.jpg', 'Luis_Figo_0_3136.jpg']","['John Terry', 'Luis Figo']"
39.04,"['Antoine_Griezmann_0_5087.jpg', 'Raheem_Sterling_0_1968.jpg']","['Antoine Griezmann', 'Raheem Sterling']"
50.52,"['John_Terry_0_8447.jpg', 'Alexis_Sanchez_0_9488.jpg']","['John Terry', 'Alexis Sanchez']"
65.1,"['Zinedine_Zidane_0_9203.jpg', 'lampard12.jpg']","['Zinedine Zidane', 'Frank Lampard']"
47.43,"['Virgil_van_Dijk_0_5913.jpg', 'Thierry_Henry_0_7715.jpg']","['Virgil van Dijk', 'Thierry Henry']"
63.39,"['Gianluigi_Buffon_0_3324.jpg', 'Georginio_Wijnaldum_0_5900.jpg']","['Gianluigi Buffon', 'Georginio Wijnaldum']"
49.13,"['Alexis_Sanchez_0_3129.jpg', 'Joao_Felix_0_9697.jpg']","['Alexis Sanchez', 'Joao Felix']"
63.13,"['Gerard_Pique_0_4545.jpg', 'Javier_Mascherano_0_8127.jpg']","['Gerard Pique', 'Javier Mascherano']"
60.49,"['Ronaldinho_0_3389.jpg', 'Sadio_Mane_0_8595.jpg']","['Ronaldinho', 'Sadio Mane']"
59.4,"['David_Beckham_0_3833.jpg', 'Sergio_Augero_0_8988.jpg']","['David Beckham', 'Sergio Augero']"
59.11,"['Thiago_Silva_0_9985.jpg', 'Gerard_Pique_0_8464.jpg']","['Thiago Silva', 'Gerard Pique']"
44.86,"['Vincent_Kompany_0_9371.jpg', 'Marco_Reus_0_7025.jpg']","['Vincent Kompany', 'Marco Reus']"
40.97,"['Kylian_Mbappe_0_966.jpg', 'David_Silva_0_3089.jpg']","['Kylian Mbappe', 'David Silva']"
51.89,"['Javier_Mascherano_0_9483.jpg', 'Virgil_van_Dijk_0_5548.jpg']","['Javier Mascherano', 'Virgil van Dijk']"
62.43,"['Roberto_Firmino_0_5923.jpg', 'Virgil_van_Dijk_0_523.jpg']","['Roberto Firmino', 'Virgil van Dijk']"
71.22,"['Heung_Min_Son_0_4321.jpg', 'mbappe12.jpg']","['Heung Min Son', 'Kylian Mbappe']"
39.49,"['ronaldinho12.jpg', 'Timo_Werner_0_788.jpg']","['Ronaldinho', 'Timo Werner']"
35.24,"['David_Beckham_0_1965.jpg', 'Raheem_Sterling_0_2772.jpg']","['David Beckham', 'Raheem Sterling']"
57.6,"['Thiago_Silva_0_9985.jpg', 'Gabriel_Jesus_0_3025.jpg']","['Thiago Silva', 'Gabriel Jesus']"
47.0,"['Thiago_Silva_0_2306.jpg', 'David_Luiz_0_839.jpg']","['Thiago Silva', 'David Luiz']"
43.19,"['Leroy_Sane_0_5350.jpg', 'Thomas_Muller_0_1871.jpg']","['Leroy Sane', 'Thomas Muller']"
44.26,"['Kai_Havertz_0_4255.jpg', 'Kevin_de_Bruyne_0_2849.jpg']","['Kai Havertz', 'Kevin de Bruyne']"
41.53,"['Alexandre_Lacazette_0_323.jpg', 'Heung_Min_Son_0_9405.jpg']","['Alexandre Lacazette', 'Heung Min Son']"
61.08,"['dybala1.jpg', 'Philippe_Coutinho_0_6175.jpg']","['Paulo Dybala', 'Philippe Coutinho']"
50.89,"['Robbie_Fowler_0_4652.jpg', 'Mario_Gotze_0_4309.jpg']","['Robbie Fowler', 'Mario Gotze']"
79.27,"['Thomas_Lemar_0_8080.jpg', 'Raheem_Sterling_0_9016.jpg']","['Thomas Lemar', 'Raheem Sterling']"
52.11,"['Gabriel_Jesus_0_4575.jpg', 'kaka1.jpg']","['Gabriel Jesus', 'Kaka']"
53.33,"['Alisson_Becker_0_65.jpg', 'Kalidou_Koulibaly_0_2926.jpg']","['Alisson Becker', 'Kalidou Koulibaly']"
59.59,"['Alisson_Becker_0_1909.jpg', 'Leroy_Sane_0_9821.jpg']","['Alisson Becker', 'Leroy Sane']"
47.92,"['Michael_Ballack_0_4876.jpg', 'Mohammad_Salah_0_102.jpg']","['Michael Ballack', 'Mohammad Salah']"
62.72,"['Cristiano_Ronaldo_0_6657.jpg', 'Paulo_Dybala_0_4589.jpg']","['Cristiano Ronaldo', 'Paulo Dybala']"
40.76,"['Thomas_Muller_0_4042.jpg', 'Paulo_Dybala_0_4837.jpg']","['Thomas Muller', 'Paulo Dybala']"
40.15,"['Memphis_Depay_0_6208.jpg', 'Robbie_Fowler_0_3189.jpg']","['Memphis Depay', 'Robbie Fowler']"
68.71,"['Sergio_Augero_0_216.jpg', 'gerrard12.jpg']","['Sergio Augero', 'Steven Gerrard']"
60.37,"['Ryan_Giggs_0_9720.jpg', 'Thomas_Muller_0_4868.jpg']","['Ryan Giggs', 'Thomas Muller']"
56.5,"['Alexis_Sanchez_0_587.jpg', 'Antoine_Griezmann_0_6789.jpg']","['Alexis Sanchez', 'Antoine Griezmann']"
46.37,"['John_Terry_0_8758.jpg', 'Xabi_Alonso_0_198.jpg']","['John Terry', 'Xabi Alonso']"
63.54,"['Lucas_Moura_0_3969.jpg', 'Joao_Felix_0_7244.jpg']","['Lucas Moura', 'Joao Felix']"
41.97,"['Thomas_Lemar_0_5498.jpg', 'John_Terry_0_8804.jpg']","['Thomas Lemar', 'John Terry']"
48.16,"['Mario_Gotze_0_8944.jpg', 'Marco_Reus_0_3074.jpg']","['Mario Gotze', 'Marco Reus']"
47.46,"['Petr_Cech_0_5516.jpg', 'Giorgio_Chiellini_0_1905.jpg']","['Petr Cech', 'Giorgio Chiellini']"
51.68,"['Ronaldinho_0_9114.jpg', 'Petr_Cech_0_7782.jpg']","['Ronaldinho', 'Petr Cech']"
64.95,"['Luis Suarez_0_7167.jpg', 'Vincent_Kompany_0_5158.jpg']","['Luis Suarez', 'Vincent Kompany']"
61.63,"['Javier_Mascherano_0_2617.jpg', 'Alexandre_Lacazette_0_1595.jpg']","['Javier Mascherano', 'Alexandre Lacazette']"
55.14,"['Julian_Draxler_0_4762.jpg', 'Pep_Guardiola_0_2052.jpg']","['Julian Draxler', 'Pep Guardiola']"
42.57,"['Sadio_Mane_0_2428.jpg', 'Luis Suarez_0_9118.jpg']","['Sadio Mane', 'Luis Suarez']"
49.53,"['Thibaut_Courtois_0_1010.jpg', 'Eden_Hazard_0_4038.jpg']","['Thibaut Courtois', 'Eden Hazard']"
49.37,"['Petr_Cech_0_3422.jpg', 'Kai_Havertz_0_6253.jpg']","['Petr Cech', 'Kai Havertz']"
58.64,"['Lorenzo_Insigne_0_3979.jpg', 'Kaka_0_4173.jpg']","['Lorenzo Insigne', 'Kaka']"
42.32,"['Philippe_Coutinho_0_3272.jpg', 'Virgil_van_Dijk_0_1478.jpg']","['Philippe Coutinho', 'Virgil van Dijk']"
48.7,"['Zinedine_Zidane_0_8612.jpg', 'Julian_Draxler_0_8298.jpg']","['Zinedine Zidane', 'Julian Draxler']"
64.1,"['Kai_Havertz_0_2099.jpg', 'Gerard_Pique_0_719.jpg']","['Kai Havertz', 'Gerard Pique']"
62.07,"['Iker_Casillas_0_7371.jpg', 'Gerard_Pique_0_4360.jpg']","['Iker Casillas', 'Gerard Pique']"
52.84,"['Marc-Andre_ter_Stegen_0_7359.jpg', 'havertz1.jpg']","['Marc-Andre ter Stegen', 'Kai Havertz']"
66.18,"['Javier_Mascherano_0_2617.jpg', 'Luis Suarez_0_1028.jpg']","['Javier Mascherano', 'Luis Suarez']"
62.18,"['Kaka_0_1520.jpg', 'Chrisitan_Pulisic_0_1768.jpg']","['Kaka', 'Chrisitan Pulisic']"
59.42,"['Pep_Guardiola_0_7360.jpg', 'Pierre_Emerick_Aubameyang_0_8929.jpg']","['Pep Guardiola', 'Pierre Emerick Aubameyang']"
62.25,"['Dries_Mertens_0_9382.jpg', 'Sergio_Ramos_0_4452.jpg']","['Dries Mertens', 'Sergio Ramos']"
55.15,"['Alisson_Becker_0_6468.jpg', 'Paulo_Dybala_0_8431.jpg']","['Alisson Becker', 'Paulo Dybala']"
68.47,"['Iker_Casillas_0_3619.jpg', 'Jurgen_Klopp_0_9094.jpg']","['Iker Casillas', 'Jurgen Klopp']"
45.87,"['Jose_Mourinho_0_6088.jpg', 'Karim_Benzema_0_4483.jpg']","['Jose Mourinho', 'Karim Benzema']"
54.89,"['David_Luiz_0_1029.jpg', 'Joao_Felix_0_4209.jpg']","['David Luiz', 'Joao Felix']"
52.46,"['David_Silva_0_9044.jpg', 'Jurgen_Klopp_0_9352.jpg']","['David Silva', 'Jurgen Klopp']"
38.62,"['Freddie_Ljungberg_0_6968.jpg', 'Lucas_Moura_0_3969.jpg']","['Freddie Ljungberg', 'Lucas Moura']"
42.15,"['Sergio_Ramos_0_4711.jpg', 'Alexis_Sanchez_0_2390.jpg']","['Sergio Ramos', 'Alexis Sanchez']"
27.73,"['Thomas_Lemar_0_9138.jpg', 'Thibaut_Courtois_0_8973.jpg']","['Thomas Lemar', 'Thibaut Courtois']"
35.59,"['insigne12.jpg', 'David_Luiz_0_7784.jpg']","['Lorenzo Insigne', 'David Luiz']"
53.75,"['Ryan_Giggs_0_9720.jpg', 'Gareth_Bale_0_3038.jpg']","['Ryan Giggs', 'Gareth Bale']"
49.53,"['Robert_Lewandowski_0_4458.jpg', 'Pierre_Emerick_Aubameyang_0_3870.jpg']","['Robert Lewandowski', 'Pierre Emerick Aubameyang']"
51.64,"['Michael_Ballack_0_6413.jpg', 'Freddie_Ljungberg_0_9068.jpg']","['Michael Ballack', 'Freddie Ljungberg']"
50.77,"['Robert_Pires_0_2903.jpg', 'John_Terry_0_7896.jpg']","['Robert Pires', 'John Terry']"
46.77,"['Harry_Kane_0_1829.jpg', 'Bernd_Leno_0_4252.jpg']","['Harry Kane', 'Bernd Leno']"
33.56,"['Raul_0_2948.jpg', 'David_Luiz_0_7000.jpg']","['Raul', 'David Luiz']"
60.78,"['Thierry_Henry_0_1108.jpg', 'Jan_Oblak_0_3522.jpg']","['Thierry Henry', 'Jan Oblak']"
46.4,"['Mario_Gotze_0_4309.jpg', 'Carlos_Tevez_0_599.jpg']","['Mario Gotze', 'Carlos Tevez']"
56.59,"['mascherano12.jpg', 'Kai_Havertz_0_5001.jpg']","['Javier Mascherano', 'Kai Havertz']"
60.85,"['Pep_Guardiola_0_7193.jpg', 'raul1.jpg']","['Pep Guardiola', 'Raul']"
51.84,"['dsilva12.jpg', 'Ronaldo_0_4977.jpg']","['David Silva', 'Ronaldo']"
58.16,"['Alexandre_Lacazette_0_6258.jpg', 'Chrisitan_Pulisic_0_6616.jpg']","['Alexandre Lacazette', 'Chrisitan Pulisic']"
56.28,"['Lionel_Messi_0_1678.jpg', 'Carles_Puyol_0_6134.jpg']","['Lionel Messi', 'Carles Puyol']"
64.76,"['lacazette1.jpg', 'Kalidou_Koulibaly_0_8677.jpg']","['Alexandre Lacazette', 'Kalidou Koulibaly']"
53.96,"['Christian_Eriksen_0_379.jpg', 'Freddie_Ljungberg_0_7639.jpg']","['Christian Eriksen', 'Freddie Ljungberg']"
47.49,"['Kalidou_Koulibaly_0_6974.jpg', 'Kai_Havertz_0_4496.jpg']","['Kalidou Koulibaly', 'Kai Havertz']"
59.8,"['Roberto_Firmino_0_5756.jpg', 'Sadio_Mane_0_4084.jpg']","['Roberto Firmino', 'Sadio Mane']"
47.6,"['Gareth_Bale_0_4257.jpg', 'Harry_Kewell_0_2370.jpg']","['Gareth Bale', 'Harry Kewell']"
47.68,"['Mohammad_Salah_0_3297.jpg', 'Ronaldinho_0_2131.jpg']","['Mohammad Salah', 'Ronaldinho']"
45.33,"['Vincent_Kompany_0_9371.jpg', 'Lionel_Messi_0_6590.jpg']","['Vincent Kompany', 'Lionel Messi']"
55.01,"['jesus12.jpg', 'Karim_Benzema_0_5729.jpg']","['Gabriel Jesus', 'Karim Benzema']"
50.48,"['wijnaldum12.jpg', 'Thierry_Henry_0_658.jpg']","['Georginio Wijnaldum', 'Thierry Henry']"
48.47,"['Kaka_0_6370.jpg', 'Thomas_Muller_0_3996.jpg']","['Kaka', 'Thomas Muller']"
44.19,"['Eden_Hazard_0_4038.jpg', 'Toni_Kroos_0_5224.jpg']","['Eden Hazard', 'Toni Kroos']"
48.79,"['Toni_Kroos_0_4633.jpg', 'Carles_Puyol_0_8136.jpg']","['Toni Kroos', 'Carles Puyol']"
55.14,"['Robert_Lewandowski_0_7337.jpg', 'Michael_Ballack_0_62.jpg']","['Robert Lewandowski', 'Michael Ballack']"
50.82,"['Dries_Mertens_0_3636.jpg', 'Robbie_Fowler_0_2348.jpg']","['Dries Mertens', 'Robbie Fowler']"
36.53,"['Luka_Modric_0_4139.jpg', 'Kylian_Mbappe_0_8400.jpg']","['Luka Modric', 'Kylian Mbappe']"
51.61,"['Gabriel_Jesus_0_9078.jpg', 'Ederson_Moraes_0_3192.jpg']","['Gabriel Jesus', 'Ederson Moraes']"
38.37,"['Frank_Lampard_0_8754.jpg', 'Thomas_Lemar_0_9779.jpg']","['Frank Lampard', 'Thomas Lemar']"
61.41,"['Harry_Kewell_0_4400.jpg', 'Giorgio_Chiellini_0_1287.jpg']","['Harry Kewell', 'Giorgio Chiellini']"
47.5,"['Jan_Oblak_0_5166.jpg', 'Ronaldo_0_1957.jpg']","['Jan Oblak', 'Ronaldo']"
38.78,"['Peter_Schmeichel_0_8455.jpg', 'Gabriel_Jesus_0_3025.jpg']","['Peter Schmeichel', 'Gabriel Jesus']"
43.79,"['Kalidou_Koulibaly_0_8974.jpg', 'Alexis_Sanchez_0_9026.jpg']","['Kalidou Koulibaly', 'Alexis Sanchez']"
47.09,"['Didier_Drogba_0_5048.jpg', 'Alisson_Becker_0_65.jpg']","['Didier Drogba', 'Alisson Becker']"
54.13,"['Vincent_Kompany_0_2933.jpg', 'Memphis_Depay_0_6855.jpg']","['Vincent Kompany', 'Memphis Depay']"
38.37,"['Jan_Oblak_0_3522.jpg', 'Raheem_Sterling_0_696.jpg']","['Jan Oblak', 'Raheem Sterling']"
70.48,"['Romelu_Lukaku_0_8011.jpg', 'Joao_Felix_0_4209.jpg']","['Romelu Lukaku', 'Joao Felix']"
51.87,"['tuchel1.jpg', 'Dries_Mertens_0_712.jpg']","['Thomas Tuchel', 'Dries Mertens']"
73.0,"['Lorenzo_Insigne_0_7921.jpg', 'Sergio_Ramos_0_7345.jpg']","['Lorenzo Insigne', 'Sergio Ramos']"
53.92,"['Eden_Hazard_0_1565.jpg', 'Karim_Benzema_0_4483.jpg']","['Eden Hazard', 'Karim Benzema']"
47.78,"['David_Silva_0_7771.jpg', 'Fernando_Torres_0_7460.jpg']","['David Silva', 'Fernando Torres']"
46.34,"['Manuel_Neuer_0_821.jpg', 'Eden_Hazard_0_7540.jpg']","['Manuel Neuer', 'Eden Hazard']"
64.04,"['Sergio_Ramos_0_4623.jpg', 'Thierry_Henry_0_1094.jpg']","['Sergio Ramos', 'Thierry Henry']"
42.06,"['Peter_Schmeichel_0_37.jpg', 'Kaka_0_1103.jpg']","['Peter Schmeichel', 'Kaka']"
52.83,"['Mohammad_Salah_0_8510.jpg', 'Romelu_Lukaku_0_7980.jpg']","['Mohammad Salah', 'Romelu Lukaku']"
43.69,"['Mario_Gotze_0_7447.jpg', 'Fernando_Torres_0_5014.jpg']","['Mario Gotze', 'Fernando Torres']"
66.17,"['Thierry_Henry_0_7715.jpg', 'Harry_Kane_0_7134.jpg']","['Thierry Henry', 'Harry Kane']"
26.69,"['pires1.jpg', 'schmeichel12.jpg']","['Robert Pires', 'Peter Schmeichel']"
38.29,"['Javier_Mascherano_0_9666.jpg', 'Sadio_Mane_0_1932.jpg']","['Javier Mascherano', 'Sadio Mane']"
35.74,"['Vincent_Kompany_0_2736.jpg', 'bale1.jpg']","['Vincent Kompany', 'Gareth Bale']"
53.01,"['Lionel_Messi_0_4624.jpg', 'stegen12.jpg']","['Lionel Messi', 'Marc-Andre ter Stegen']"
37.88,"['Julian_Draxler_0_4357.jpg', 'Mohammad_Salah_0_4414.jpg']","['Julian Draxler', 'Mohammad Salah']"
43.36,"['Thibaut_Courtois_0_1010.jpg', 'Alexandre_Lacazette_0_4867.jpg']","['Thibaut Courtois', 'Alexandre Lacazette']"
63.23,"['eriksen12.jpg', 'Vincent_Kompany_0_9371.jpg']","['Christian Eriksen', 'Vincent Kompany']"
61.7,"['Jan_Oblak_0_8894.jpg', 'Bernando_Silva_0_262.jpg']","['Jan Oblak', 'Bernando Silva']"
46.68,"['Kai_Havertz_0_9599.jpg', 'Falcao_0_8105.jpg']","['Kai Havertz', 'Falcao']"
34.8,"['Fernando_Torres_0_3793.jpg', 'Freddie_Ljungberg_0_3434.jpg']","['Fernando Torres', 'Freddie Ljungberg']"
60.69,"['David_Silva_0_2028.jpg', 'Mohammad_Salah_0_9894.jpg']","['David Silva', 'Mohammad Salah']"
32.68,"['David_Beckham_0_7361.jpg', 'Kalidou_Koulibaly_0_6405.jpg']","['David Beckham', 'Kalidou Koulibaly']"
49.13,"['Luis_Figo_0_3136.jpg', 'Lucas_Moura_0_4151.jpg']","['Luis Figo', 'Lucas Moura']"
43.32,"['Paulo_Dybala_0_9904.jpg', 'Luka_Modric_0_5431.jpg']","['Paulo Dybala', 'Luka Modric']"
51.21,"['Robert_Lewandowski_0_1747.jpg', 'Gabriel_Jesus_0_440.jpg']","['Robert Lewandowski', 'Gabriel Jesus']"
38.48,"['Sadio_Mane_0_8449.jpg', 'Dries_Mertens_0_3636.jpg']","['Sadio Mane', 'Dries Mertens']"
44.56,"['Roberto_Carlos_0_151.jpg', 'Luka_Modric_0_5771.jpg']","['Roberto Carlos', 'Luka Modric']"
47.41,"['Manuel_Neuer_0_9198.jpg', 'Alexandre_Lacazette_0_3475.jpg']","['Manuel Neuer', 'Alexandre Lacazette']"
57.67,"['Wayne_Rooney_0_6786.jpg', 'Oliver_Giroud_0_6753.jpg']","['Wayne Rooney', 'Oliver Giroud']"
45.61,"['Alexis_Sanchez_0_6772.jpg', 'Freddie_Ljungberg_0_3246.jpg']","['Alexis Sanchez', 'Freddie Ljungberg']"
50.39,"['Alexandre_Lacazette_0_3554.jpg', 'Iker_Casillas_0_2263.jpg']","['Alexandre Lacazette', 'Iker Casillas']"
58.64,"['lloris1.jpg', 'Mohammad_Salah_0_3818.jpg']","['Hugo Lloris', 'Mohammad Salah']"
31.83,"['Ronaldinho_0_542.jpg', 'David_Beckham_0_6513.jpg']","['Ronaldinho', 'David Beckham']"
41.07,"['Angel_di_Maria_0_6816.jpg', 'Giorgio_Chiellini_0_450.jpg']","['Angel di Maria', 'Giorgio Chiellini']"
65.22,"['Georginio_Wijnaldum_0_1487.jpg', 'Wayne_Rooney_0_2898.jpg']","['Georginio Wijnaldum', 'Wayne Rooney']"
52.98,"['Luka_Modric_0_7481.jpg', 'Alexis_Sanchez_0_7802.jpg']","['Luka Modric', 'Alexis Sanchez']"
47.82,"['Ederson_Moraes_0_2482.jpg', 'dimaria1.jpg']","['Ederson Moraes', 'Angel di Maria']"
51.07,"['David_Luiz_0_7504.jpg', 'Steven_Gerrard_0_61.jpg']","['David Luiz', 'Steven Gerrard']"
69.38,"['Ronaldo_0_5580.jpg', 'Paul_Pogba_0_9604.jpg']","['Ronaldo', 'Paul Pogba']"
54.27,"['Ederson_Moraes_0_2791.jpg', 'Romelu_Lukaku_0_9325.jpg']","['Ederson Moraes', 'Romelu Lukaku']"
46.4,"['Thomas_Muller_0_3996.jpg', 'David_Silva_0_9759.jpg']","['Thomas Muller', 'David Silva']"
57.0,"['Gianluigi_Buffon_0_8274.jpg', 'Harry_Kewell_0_9548.jpg']","['Gianluigi Buffon', 'Harry Kewell']"
54.91,"['Michael_Ballack_0_2440.jpg', 'Manuel_Neuer_0_9198.jpg']","['Michael Ballack', 'Manuel Neuer']"
49.4,"['falcao1.jpg', 'Eden_Hazard_0_2241.jpg']","['Falcao', 'Eden Hazard']"
60.88,"['Roberto_Carlos_0_6517.jpg', 'coutinho1.jpg']","['Roberto Carlos', 'Philippe Coutinho']"
67.57,"['Ederson_Moraes_0_797.jpg', 'Thomas_Tuchel_0_9753.jpg']","['Ederson Moraes', 'Thomas Tuchel']"
55.49,"['Jose_Mourinho_0_4033.jpg', 'Oliver_Kahn_0_4754.jpg']","['Jose Mourinho', 'Oliver Kahn']"
49.33,"['Kaka_0_1925.jpg', 'Sergio_Ramos_0_3378.jpg']","['Kaka', 'Sergio Ramos']"
42.13,"['Alexis_Sanchez_0_7802.jpg', 'Jose_Mourinho_0_4033.jpg']","['Alexis Sanchez', 'Jose Mourinho']"
45.87,"['Alexis_Sanchez_0_8370.jpg', 'Romelu_Lukaku_0_9764.jpg']","['Alexis Sanchez', 'Romelu Lukaku']"
53.46,"['Luka_Modric_0_1372.jpg', 'Cristiano_Ronaldo_0_7729.jpg']","['Luka Modric', 'Cristiano Ronaldo']"
49.9,"['Cristiano_Ronaldo_0_5137.jpg', 'salah12.jpg']","['Cristiano Ronaldo', 'Mohammad Salah']"
46.66,"['David_Silva_0_7891.jpg', 'Roberto_Firmino_0_5923.jpg']","['David Silva', 'Roberto Firmino']"
60.13,"['Romelu_Lukaku_0_1285.jpg', 'Luis Suarez_0_1980.jpg']","['Romelu Lukaku', 'Luis Suarez']"
65.1,"['Sergio_Augero_0_4300.jpg', 'Marc-Andre_ter_Stegen_0_3583.jpg']","['Sergio Augero', 'Marc-Andre ter Stegen']"
63.26,"['Jurgen_Klopp_0_3536.jpg', 'Kaka_0_2522.jpg']","['Jurgen Klopp', 'Kaka']"
41.82,"['Mohammad_Salah_0_6375.jpg', 'Wayne_Rooney_0_4161.jpg']","['Mohammad Salah', 'Wayne Rooney']"
42.2,"['David_Luiz_0_7821.jpg', 'Roberto_Firmino_0_3668.jpg']","['David Luiz', 'Roberto Firmino']"
46.86,"['Didier_Drogba_0_9788.jpg', 'Oliver_Kahn_0_285.jpg']","['Didier Drogba', 'Oliver Kahn']"
45.38,"['Chrisitan_Pulisic_0_7538.jpg', 'Zinedine_Zidane_0_439.jpg']","['Chrisitan Pulisic', 'Zinedine Zidane']"
37.92,"['ronaldinho12.jpg', 'werner1.jpg']","['Ronaldinho', 'Timo Werner']"
53.6,"['Luka_Modric_0_3103.jpg', 'John_Terry_0_7272.jpg']","['Luka Modric', 'John Terry']"
46.97,"['Sergio_Ramos_0_4611.jpg', 'Toni_Kroos_0_4633.jpg']","['Sergio Ramos', 'Toni Kroos']"
54.16,"['Virgil_van_Dijk_0_1478.jpg', 'koulibaly1.jpg']","['Virgil van Dijk', 'Kalidou Koulibaly']"
62.47,"['Michael_Owen_0_4739.jpg', 'Thiago_Silva_0_5580.jpg']","['Michael Owen', 'Thiago Silva']"
49.23,"['Romelu_Lukaku_0_5950.jpg', 'Sergio_Ramos_0_1797.jpg']","['Romelu Lukaku', 'Sergio Ramos']"
62.0,"['Harry_Kewell_0_5753.jpg', 'Lionel_Messi_0_2701.jpg']","['Harry Kewell', 'Lionel Messi']"
51.38,"['Jan_Oblak_0_4425.jpg', 'Toni_Kroos_0_4381.jpg']","['Jan Oblak', 'Toni Kroos']"
50.36,"['Giorgio_Chiellini_0_3662.jpg', 'Gareth_Bale_0_9169.jpg']","['Giorgio Chiellini', 'Gareth Bale']"
70.36,"['Alexandre_Lacazette_0_8109.jpg', 'Memphis_Depay_0_8956.jpg']","['Alexandre Lacazette', 'Memphis Depay']"
39.89,"['Cristiano_Ronaldo_0_5254.jpg', 'Heung_Min_Son_0_3713.jpg']","['Cristiano Ronaldo', 'Heung Min Son']"
54.58,"['David_Beckham_0_6207.jpg', 'Javier_Mascherano_0_1952.jpg']","['David Beckham', 'Javier Mascherano']"
69.27,"['Georginio_Wijnaldum_0_646.jpg', 'Bernando_Silva_0_1639.jpg']","['Georginio Wijnaldum', 'Bernando Silva']"
49.06,"['Mario_Gotze_0_2291.jpg', 'Wayne_Rooney_0_5441.jpg']","['Mario Gotze', 'Wayne Rooney']"
49.13,"['Jose_Mourinho_0_5903.jpg', 'Memphis_Depay_0_1772.jpg']","['Jose Mourinho', 'Memphis Depay']"
68.56,"['sterling12.jpg', 'Freddie_Ljungberg_0_7862.jpg']","['Raheem Sterling', 'Freddie Ljungberg']"
52.29,"['Harry_Kane_0_8667.jpg', 'Antoine_Griezmann_0_7833.jpg']","['Harry Kane', 'Antoine Griezmann']"
65.11,"['Mohammad_Salah_0_3297.jpg', 'Ederson_Moraes_0_4832.jpg']","['Mohammad Salah', 'Ederson Moraes']"
53.33,"['Georginio_Wijnaldum_0_5900.jpg', 'Ronaldo_0_7250.jpg']","['Georginio Wijnaldum', 'Ronaldo']"
53.89,"['Alisson_Becker_0_6706.jpg', 'Pierre_Emerick_Aubameyang_0_4115.jpg']","['Alisson Becker', 'Pierre Emerick Aubameyang']"
35.2,"['John_Terry_0_3117.jpg', 'Thibaut_Courtois_0_9646.jpg']","['John Terry', 'Thibaut Courtois']"
49.49,"['Romelu_Lukaku_0_5950.jpg', 'Christian_Eriksen_0_7576.jpg']","['Romelu Lukaku', 'Christian Eriksen']"
53.4,"['Kai_Havertz_0_4496.jpg', 'Alexis_Sanchez_0_4907.jpg']","['Kai Havertz', 'Alexis Sanchez']"
61.53,"['David_Silva_0_9759.jpg', 'Raul_0_3042.jpg']","['David Silva', 'Raul']"
66.62,"['Ronaldinho_0_8893.jpg', 'Wayne_Rooney_0_6786.jpg']","['Ronaldinho', 'Wayne Rooney']"
42.12,"['lemar12.jpg', 'Frank_Lampard_0_8039.jpg']","['Thomas Lemar', 'Frank Lampard']"
47.83,"['Vincent_Kompany_0_1205.jpg', 'Peter_Schmeichel_0_8127.jpg']","['Vincent Kompany', 'Peter Schmeichel']"
48.95,"['Zlatan_Ibrahimovic_0_6807.jpg', 'Manuel_Neuer_0_7353.jpg']","['Zlatan Ibrahimovic', 'Manuel Neuer']"
52.42,"['Cristiano_Ronaldo_0_6147.jpg', 'Didier_Drogba_0_9991.jpg']","['Cristiano Ronaldo', 'Didier Drogba']"
54.95,"['Bernando_Silva_0_4788.jpg', 'Luis Suarez_0_7656.jpg']","['Bernando Silva', 'Luis Suarez']"
48.41,"['modric1.jpg', 'Georginio_Wijnaldum_0_646.jpg']","['Luka Modric', 'Georginio Wijnaldum']"
55.12,"['Eden_Hazard_0_2501.jpg', 'David_Beckham_0_8220.jpg']","['Eden Hazard', 'David Beckham']"
29.79,"['mane1.jpg', 'Christian_Eriksen_0_6915.jpg']","['Sadio Mane', 'Christian Eriksen']"
44.26,"['Marc-Andre_ter_Stegen_0_9777.jpg', 'Pierre_Emerick_Aubameyang_0_3870.jpg']","['Marc-Andre ter Stegen', 'Pierre Emerick Aubameyang']"
57.19,"['Luis Suarez_0_9009.jpg', 'Thiago_Silva_0_9271.jpg']","['Luis Suarez', 'Thiago Silva']"
51.74,"['Zinedine_Zidane_0_8612.jpg', 'Roberto_Firmino_0_8947.jpg']","['Zinedine Zidane', 'Roberto Firmino']"
43.31,"['Cristiano_Ronaldo_0_643.jpg', 'Lucas_Moura_0_5736.jpg']","['Cristiano Ronaldo', 'Lucas Moura']"
35.6,"['bsilva12.jpg', 'Kevin_de_Bruyne_0_2179.jpg']","['Bernando Silva', 'Kevin de Bruyne']"
61.88,"['Gerard_Pique_0_6523.jpg', 'Zlatan_Ibrahimovic_0_4560.jpg']","['Gerard Pique', 'Zlatan Ibrahimovic']"
44.05,"['Lorenzo_Insigne_0_1906.jpg', 'Raheem_Sterling_0_696.jpg']","['Lorenzo Insigne', 'Raheem Sterling']"
53.28,"['Ronaldo_0_4772.jpg', 'Romelu_Lukaku_0_2014.jpg']","['Ronaldo', 'Romelu Lukaku']"
57.74,"['Thomas_Muller_0_9766.jpg', 'Thiago_Silva_0_158.jpg']","['Thomas Muller', 'Thiago Silva']"
54.39,"['Kalidou_Koulibaly_0_9752.jpg', 'Ronaldo_0_264.jpg']","['Kalidou Koulibaly', 'Ronaldo']"
69.24,"['Chrisitan_Pulisic_0_5669.jpg', 'Carlos_Tevez_0_3491.jpg']","['Chrisitan Pulisic', 'Carlos Tevez']"
65.22,"['Thibaut_Courtois_0_8678.jpg', 'Javier_Mascherano_0_9854.jpg']","['Thibaut Courtois', 'Javier Mascherano']"
62.96,"['Paulo_Dybala_0_2829.jpg', 'Kaka_0_3085.jpg']","['Paulo Dybala', 'Kaka']"
61.36,"['Gareth_Bale_0_5186.jpg', 'Joao_Felix_0_8993.jpg']","['Gareth Bale', 'Joao Felix']"
40.02,"['Pierre_Emerick_Aubameyang_0_2320.jpg', 'Marco_Reus_0_5409.jpg']","['Pierre Emerick Aubameyang', 'Marco Reus']"
56.09,"['Harry_Kane_0_5364.jpg', 'David_Silva_0_4781.jpg']","['Harry Kane', 'David Silva']"
62.71,"['Bernando_Silva_0_9513.jpg', 'Sergio_Ramos_0_1917.jpg']","['Bernando Silva', 'Sergio Ramos']"
54.65,"['Christian_Eriksen_0_9083.jpg', 'Pierre_Emerick_Aubameyang_0_7202.jpg']","['Christian Eriksen', 'Pierre Emerick Aubameyang']"
58.12,"['Gareth_Bale_0_6140.jpg', 'Joao_Felix_0_9697.jpg']","['Gareth Bale', 'Joao Felix']"
49.62,"['David_Luiz_0_1015.jpg', 'Fernando_Torres_0_7460.jpg']","['David Luiz', 'Fernando Torres']"
55.84,"['Raheem_Sterling_0_6479.jpg', 'Luka_Modric_0_1856.jpg']","['Raheem Sterling', 'Luka Modric']"
54.98,"['Hugo_Lloris_0_6977.jpg', 'Vincent_Kompany_0_9434.jpg']","['Hugo Lloris', 'Vincent Kompany']"
52.45,"['Zlatan_Ibrahimovic_0_6361.jpg', 'falcao12.jpg']","['Zlatan Ibrahimovic', 'Falcao']"
33.96,"['Kai_Havertz_0_3359.jpg', 'Romelu_Lukaku_0_5222.jpg']","['Kai Havertz', 'Romelu Lukaku']"
54.1,"['Cristiano_Ronaldo_0_5254.jpg', 'Gerard_Pique_0_4500.jpg']","['Cristiano Ronaldo', 'Gerard Pique']"
49.61,"['Antoine_Griezmann_0_5087.jpg', 'Raheem_Sterling_0_9016.jpg']","['Antoine Griezmann', 'Raheem Sterling']"
53.86,"['Xabi_Alonso_0_3791.jpg', 'Harry_Kewell_0_3056.jpg']","['Xabi Alonso', 'Harry Kewell']"
59.12,"['Marc-Andre_ter_Stegen_0_1616.jpg', 'Luis Suarez_0_5497.jpg']","['Marc-Andre ter Stegen', 'Luis Suarez']"
60.67,"['Ronaldo_0_2935.jpg', 'Roberto_Firmino_0_8947.jpg']","['Ronaldo', 'Roberto Firmino']"
51.79,"['dimaria12.jpg', 'Gareth_Bale_0_8662.jpg']","['Angel di Maria', 'Gareth Bale']"
52.29,"['modric1.jpg', 'schmeichel1.jpg']","['Luka Modric', 'Peter Schmeichel']"
37.36,"['Heung_Min_Son_0_4321.jpg', 'Giorgio_Chiellini_0_1758.jpg']","['Heung Min Son', 'Giorgio Chiellini']"
66.42,"['Robert_Lewandowski_0_6670.jpg', 'Robbie_Fowler_0_6670.jpg']","['Robert Lewandowski', 'Robbie Fowler']"
58.54,"['Christian_Eriksen_0_9063.jpg', 'Oliver_Giroud_0_6429.jpg']","['Christian Eriksen', 'Oliver Giroud']"
53.26,"['Didier_Drogba_0_3673.jpg', 'tsilva12.jpg']","['Didier Drogba', 'Thiago Silva']"
53.43,"['Vincent_Kompany_0_2349.jpg', 'Manuel_Neuer_0_9965.jpg']","['Vincent Kompany', 'Manuel Neuer']"
72.5,"['Leroy_Sane_0_3441.jpg', 'Ronaldo_0_7582.jpg']","['Leroy Sane', 'Ronaldo']"
50.73,"['Thiago_Silva_0_1420.jpg', 'Sergio_Ramos_0_306.jpg']","['Thiago Silva', 'Sergio Ramos']"
68.39,"['Paulo_Dybala_0_4589.jpg', 'Thomas_Tuchel_0_8645.jpg']","['Paulo Dybala', 'Thomas Tuchel']"
64.75,"['Thomas_Muller_0_5629.jpg', 'Thiago_Silva_0_2233.jpg']","['Thomas Muller', 'Thiago Silva']"
55.65,"['Raheem_Sterling_0_6930.jpg', 'Gerard_Pique_0_4545.jpg']","['Raheem Sterling', 'Gerard Pique']"
54.65,"['Kai_Havertz_0_5062.jpg', 'Gabriel_Jesus_0_7388.jpg']","['Kai Havertz', 'Gabriel Jesus']"
39.34,"['Steven_Gerrard_0_6675.jpg', 'pogba1.jpg']","['Steven Gerrard', 'Paul Pogba']"
57.97,"['Pep_Guardiola_0_4888.jpg', 'Thibaut_Courtois_0_9968.jpg']","['Pep Guardiola', 'Thibaut Courtois']"
67.6,"['Alisson_Becker_0_6135.jpg', 'Dries_Mertens_0_5604.jpg']","['Alisson Becker', 'Dries Mertens']"
43.0,"['coutinho1.jpg', 'Gianluigi_Buffon_0_6756.jpg']","['Philippe Coutinho', 'Gianluigi Buffon']"
56.7,"['Antoine_Griezmann_0_7934.jpg', 'Cristiano_Ronaldo_0_6657.jpg']","['Antoine Griezmann', 'Cristiano Ronaldo']"
46.69,"['reus12.jpg', 'Lorenzo_Insigne_0_2146.jpg']","['Marco Reus', 'Lorenzo Insigne']"
56.83,"['Hugo_Lloris_0_5415.jpg', 'Thiago_Silva_0_1420.jpg']","['Hugo Lloris', 'Thiago Silva']"
60.76,"['Marc-Andre_ter_Stegen_0_7359.jpg', 'Eden_Hazard_0_6732.jpg']","['Marc-Andre ter Stegen', 'Eden Hazard']"
53.06,"['Marco_Reus_0_5763.jpg', 'Luka_Modric_0_5880.jpg']","['Marco Reus', 'Luka Modric']"
33.38,"['Gianluigi_Buffon_0_3324.jpg', 'Frank_Lampard_0_6880.jpg']","['Gianluigi Buffon', 'Frank Lampard']"
58.67,"['Thierry_Henry_0_9981.jpg', 'Jan_Oblak_0_92.jpg']","['Thierry Henry', 'Jan Oblak']"
50.05,"['Steven_Gerrard_0_8068.jpg', 'Fernando_Torres_0_5110.jpg']","['Steven Gerrard', 'Fernando Torres']"
53.84,"['Jose_Mourinho_0_176.jpg', 'Pep_Guardiola_0_6200.jpg']","['Jose Mourinho', 'Pep Guardiola']"
63.65,"['Jan_Oblak_0_8894.jpg', 'Xabi_Alonso_0_9019.jpg']","['Jan Oblak', 'Xabi Alonso']"
48.29,"['Sergio_Augero_0_2850.jpg', 'Michael_Owen_0_4222.jpg']","['Sergio Augero', 'Michael Owen']"
44.51,"['Robert_Pires_0_2791.jpg', 'Lionel_Messi_0_6524.jpg']","['Robert Pires', 'Lionel Messi']"
48.92,"['Alexis_Sanchez_0_9488.jpg', 'Memphis_Depay_0_6855.jpg']","['Alexis Sanchez', 'Memphis Depay']"
55.68,"['Marc-Andre_ter_Stegen_0_3583.jpg', 'Lorenzo_Insigne_0_1906.jpg']","['Marc-Andre ter Stegen', 'Lorenzo Insigne']"
62.34,"['Carlos_Tevez_0_599.jpg', 'Paul_Pogba_0_7654.jpg']","['Carlos Tevez', 'Paul Pogba']"
55.54,"['Alexandre_Lacazette_0_8495.jpg', 'Wayne_Rooney_0_2898.jpg']","['Alexandre Lacazette', 'Wayne Rooney']"
60.14,"['Kai_Havertz_0_9599.jpg', 'Karim_Benzema_0_584.jpg']","['Kai Havertz', 'Karim Benzema']"
48.94,"['Xabi_Alonso_0_3254.jpg', 'Luka_Modric_0_7481.jpg']","['Xabi Alonso', 'Luka Modric']"
40.05,"['Mario_Gotze_0_2574.jpg', 'Romelu_Lukaku_0_1285.jpg']","['Mario Gotze', 'Romelu Lukaku']"
60.26,"['Wayne_Rooney_0_6122.jpg', 'David_Silva_0_8842.jpg']","['Wayne Rooney', 'David Silva']"
48.72,"['Giorgio_Chiellini_0_4815.jpg', 'Kalidou_Koulibaly_0_8925.jpg']","['Giorgio Chiellini', 'Kalidou Koulibaly']"
48.7,"['Thiago_Silva_0_1692.jpg', 'Marco_Reus_0_8818.jpg']","['Thiago Silva', 'Marco Reus']"
46.4,"['Carlos_Tevez_0_3865.jpg', 'Kylian_Mbappe_0_3582.jpg']","['Carlos Tevez', 'Kylian Mbappe']"
48.11,"['Bernd_Leno_0_1180.jpg', 'Hugo_Lloris_0_2454.jpg']","['Bernd Leno', 'Hugo Lloris']"
66.38,"['Michael_Owen_0_2622.jpg', 'Carlos_Tevez_0_278.jpg']","['Michael Owen', 'Carlos Tevez']"
46.68,"['Raheem_Sterling_0_8178.jpg', 'Chrisitan_Pulisic_0_1768.jpg']","['Raheem Sterling', 'Chrisitan Pulisic']"
60.86,"['Cristiano_Ronaldo_0_8876.jpg', 'Mario_Gotze_0_2876.jpg']","['Cristiano Ronaldo', 'Mario Gotze']"
58.76,"['Michael_Owen_0_2365.jpg', 'Ederson_Moraes_0_2482.jpg']","['Michael Owen', 'Ederson Moraes']"
80.61,"['Xabi_Alonso_0_3008.jpg', 'Steven_Gerrard_0_61.jpg']","['Xabi Alonso', 'Steven Gerrard']"
41.64,"['Thibaut_Courtois_0_9646.jpg', 'Didier_Drogba_0_9991.jpg']","['Thibaut Courtois', 'Didier Drogba']"
53.61,"['Mohammad_Salah_0_8510.jpg', 'Joao_Felix_0_8993.jpg']","['Mohammad Salah', 'Joao Felix']"
50.31,"['Joao_Felix_0_4209.jpg', 'Jose_Mourinho_0_7643.jpg']","['Joao Felix', 'Jose Mourinho']"
51.98,"['Kevin_de_Bruyne_0_7534.jpg', 'Michael_Owen_0_7530.jpg']","['Kevin de Bruyne', 'Michael Owen']"
48.58,"['Pep_Guardiola_0_5652.jpg', 'Memphis_Depay_0_3996.jpg']","['Pep Guardiola', 'Memphis Depay']"
53.75,"['Fernando_Torres_0_2859.jpg', 'carlos12.jpg']","['Fernando Torres', 'Roberto Carlos']"
43.96,"['Michael_Ballack_0_3587.jpg', 'Ryan_Giggs_0_3489.jpg']","['Michael Ballack', 'Ryan Giggs']"
43.76,"['bale1.jpg', 'Raul_0_3998.jpg']","['Gareth Bale', 'Raul']"
54.55,"['Raul_0_3539.jpg', 'David_Silva_0_7891.jpg']","['Raul', 'David Silva']"
41.7,"['luiz12.jpg', 'ljungberg12.jpg']","['David Luiz', 'Freddie Ljungberg']"
43.65,"['Toni_Kroos_0_5224.jpg', 'Manuel_Neuer_0_6677.jpg']","['Toni Kroos', 'Manuel Neuer']"
38.36,"['Luka_Modric_0_6813.jpg', 'jesus1.jpg']","['Luka Modric', 'Gabriel Jesus']"
49.07,"['Carles_Puyol_0_4959.jpg', 'Philippe_Coutinho_0_6175.jpg']","['Carles Puyol', 'Philippe Coutinho']"
74.83,"['Lionel_Messi_0_648.jpg', 'Carlos_Tevez_0_8045.jpg']","['Lionel Messi', 'Carlos Tevez']"
36.08,"['Peter_Schmeichel_0_4410.jpg', 'Luis Suarez_0_9009.jpg']","['Peter Schmeichel', 'Luis Suarez']"
58.25,"['Joao_Felix_0_2983.jpg', 'Philippe_Coutinho_0_8678.jpg']","['Joao Felix', 'Philippe Coutinho']"
63.06,"['Robert_Lewandowski_0_2307.jpg', 'ibrahimovic12.jpg']","['Robert Lewandowski', 'Zlatan Ibrahimovic']"
56.13,"['Petr_Cech_0_1268.jpg', 'Frank_Lampard_0_6934.jpg']","['Petr Cech', 'Frank Lampard']"
48.15,"['Oliver_Kahn_0_9774.jpg', 'Marc-Andre_ter_Stegen_0_8389.jpg']","['Oliver Kahn', 'Marc-Andre ter Stegen']"
42.21,"['moura12.jpg', 'ballack1.jpg']","['Lucas Moura', 'Michael Ballack']"
63.43,"['Memphis_Depay_0_9925.jpg', 'Steven_Gerrard_0_2846.jpg']","['Memphis Depay', 'Steven Gerrard']"
66.44,"['Chrisitan_Pulisic_0_4197.jpg', 'Michael_Owen_0_2797.jpg']","['Chrisitan Pulisic', 'Michael Owen']"
51.36,"['Kylian_Mbappe_0_9920.jpg', 'Lucas_Moura_0_7989.jpg']","['Kylian Mbappe', 'Lucas Moura']"
38.59,"['Robert_Pires_0_2903.jpg', 'Kevin_de_Bruyne_0_6088.jpg']","['Robert Pires', 'Kevin de Bruyne']"
53.41,"['dimaria12.jpg', 'Jurgen_Klopp_0_9094.jpg']","['Angel di Maria', 'Jurgen Klopp']"
59.47,"['Gareth_Bale_0_7532.jpg', 'Carlos_Tevez_0_2622.jpg']","['Gareth Bale', 'Carlos Tevez']"
56.8,"['Luis_Figo_0_2828.jpg', 'Alexis_Sanchez_0_4907.jpg']","['Luis Figo', 'Alexis Sanchez']"
52.41,"['Gabriel_Jesus_0_4103.jpg', 'Lorenzo_Insigne_0_3039.jpg']","['Gabriel Jesus', 'Lorenzo Insigne']"
33.51,"['Paul_Pogba_0_4807.jpg', 'Kai_Havertz_0_5001.jpg']","['Paul Pogba', 'Kai Havertz']"
52.98,"['ederson1.jpg', 'Thomas_Tuchel_0_4274.jpg']","['Ederson Moraes', 'Thomas Tuchel']"
55.11,"['Javier_Mascherano_0_4855.jpg', 'Philippe_Coutinho_0_5247.jpg']","['Javier Mascherano', 'Philippe Coutinho']"
39.6,"['Bernd_Leno_0_2379.jpg', 'Roberto_Firmino_0_7463.jpg']","['Bernd Leno', 'Roberto Firmino']"
51.6,"['Marc-Andre_ter_Stegen_0_8389.jpg', 'Sergio_Ramos_0_4823.jpg']","['Marc-Andre ter Stegen', 'Sergio Ramos']"
50.85,"['Chrisitan_Pulisic_0_4197.jpg', 'Kevin_de_Bruyne_0_9780.jpg']","['Chrisitan Pulisic', 'Kevin de Bruyne']"
62.24,"['Thibaut_Courtois_0_6190.jpg', 'Fernando_Torres_0_7460.jpg']","['Thibaut Courtois', 'Fernando Torres']"
54.7,"['Memphis_Depay_0_1772.jpg', 'Lionel_Messi_0_5545.jpg']","['Memphis Depay', 'Lionel Messi']"
60.17,"['Antoine_Griezmann_0_8601.jpg', 'Thiago_Silva_0_6614.jpg']","['Antoine Griezmann', 'Thiago Silva']"
61.68,"['Sergio_Augero_0_4314.jpg', 'Ederson_Moraes_0_3192.jpg']","['Sergio Augero', 'Ederson Moraes']"
63.84,"['Gianluigi_Buffon_0_4008.jpg', 'Alisson_Becker_0_5633.jpg']","['Gianluigi Buffon', 'Alisson Becker']"
41.2,"['Kalidou_Koulibaly_0_627.jpg', 'gerrard1.jpg']","['Kalidou Koulibaly', 'Steven Gerrard']"
44.36,"['Fernando_Torres_0_1019.jpg', 'Heung_Min_Son_0_800.jpg']","['Fernando Torres', 'Heung Min Son']"
69.67,"['Romelu_Lukaku_0_4127.jpg', 'Alexandre_Lacazette_0_4867.jpg']","['Romelu Lukaku', 'Alexandre Lacazette']"
39.97,"['Kevin_de_Bruyne_0_4047.jpg', 'Mohammad_Salah_0_6375.jpg']","['Kevin de Bruyne', 'Mohammad Salah']"
44.01,"['Jose_Mourinho_0_4743.jpg', 'Frank_Lampard_0_6221.jpg']","['Jose Mourinho', 'Frank Lampard']"
54.27,"['Antoine_Griezmann_0_7833.jpg', 'Michael_Ballack_0_5855.jpg']","['Antoine Griezmann', 'Michael Ballack']"
46.64,"['Alexandre_Lacazette_0_3838.jpg', 'Jurgen_Klopp_0_5300.jpg']","['Alexandre Lacazette', 'Jurgen Klopp']"
53.63,"['Hugo_Lloris_0_2944.jpg', 'Harry_Kane_0_4850.jpg']","['Hugo Lloris', 'Harry Kane']"
34.7,"['Alisson_Becker_0_9452.jpg', 'Ronaldo_0_7582.jpg']","['Alisson Becker', 'Ronaldo']"
43.24,"['Ronaldinho_0_9114.jpg', 'Iker_Casillas_0_3619.jpg']","['Ronaldinho', 'Iker Casillas']"
59.31,"['alonso12.jpg', 'Wayne_Rooney_0_4161.jpg']","['Xabi Alonso', 'Wayne Rooney']"
53.89,"['Alexandre_Lacazette_0_7353.jpg', 'Steven_Gerrard_0_2846.jpg']","['Alexandre Lacazette', 'Steven Gerrard']"
43.33,"['Thomas_Muller_0_4868.jpg', 'ronaldo1.jpg']","['Thomas Muller', 'Cristiano Ronaldo']"
62.49,"['Marc-Andre_ter_Stegen_0_8376.jpg', 'Christian_Eriksen_0_4886.jpg']","['Marc-Andre ter Stegen', 'Christian Eriksen']"
47.14,"['Robert_Pires_0_8454.jpg', 'Thibaut_Courtois_0_3240.jpg']","['Robert Pires', 'Thibaut Courtois']"
66.46,"['Bernando_Silva_0_4788.jpg', 'Falcao_0_8482.jpg']","['Bernando Silva', 'Falcao']"
67.44,"['Frank_Lampard_0_3872.jpg', 'Marc-Andre_ter_Stegen_0_4046.jpg']","['Frank Lampard', 'Marc-Andre ter Stegen']"
76.27,"['Lionel_Messi_0_7490.jpg', 'Lorenzo_Insigne_0_9388.jpg']","['Lionel Messi', 'Lorenzo Insigne']"
37.01,"['David_Silva_0_9044.jpg', 'Kevin_de_Bruyne_0_4047.jpg']","['David Silva', 'Kevin de Bruyne']"
61.17,"['Marco_Reus_0_8738.jpg', 'Fernando_Torres_0_4544.jpg']","['Marco Reus', 'Fernando Torres']"
44.85,"['Didier_Drogba_0_3673.jpg', 'Falcao_0_1451.jpg']","['Didier Drogba', 'Falcao']"
53.71,"['Sergio_Augero_0_8988.jpg', 'lewandowski12.jpg']","['Sergio Augero', 'Robert Lewandowski']"
45.32,"['lewandowski12.jpg', 'Alexandre_Lacazette_0_3176.jpg']","['Robert Lewandowski', 'Alexandre Lacazette']"
67.74,"['Luka_Modric_0_5542.jpg', 'Michael_Owen_0_4739.jpg']","['Luka Modric', 'Michael Owen']"
45.24,"['draxler12.jpg', 'Lorenzo_Insigne_0_2146.jpg']","['Julian Draxler', 'Lorenzo Insigne']"
46.37,"['Xabi_Alonso_0_2755.jpg', 'Jurgen_Klopp_0_5733.jpg']","['Xabi Alonso', 'Jurgen Klopp']"
49.46,"['Georginio_Wijnaldum_0_8302.jpg', 'Lionel_Messi_0_5551.jpg']","['Georginio Wijnaldum', 'Lionel Messi']"
71.45,"['pique12.jpg', 'Pep_Guardiola_0_6200.jpg']","['Gerard Pique', 'Pep Guardiola']"
56.3,"['Carlos_Tevez_0_2622.jpg', 'Alexis_Sanchez_0_4983.jpg']","['Carlos Tevez', 'Alexis Sanchez']"
53.35,"['Ronaldinho_0_2722.jpg', 'Zinedine_Zidane_0_2195.jpg']","['Ronaldinho', 'Zinedine Zidane']"
36.54,"['Ronaldinho_0_9051.jpg', 'Iker_Casillas_0_3438.jpg']","['Ronaldinho', 'Iker Casillas']"
39.45,"['Kevin_de_Bruyne_0_3338.jpg', 'Jurgen_Klopp_0_720.jpg']","['Kevin de Bruyne', 'Jurgen Klopp']"
55.84,"['Wayne_Rooney_0_8054.jpg', 'messi12.jpg']","['Wayne Rooney', 'Lionel Messi']"
64.04,"['Oliver_Giroud_0_1501.jpg', 'Alisson_Becker_0_6706.jpg']","['Oliver Giroud', 'Alisson Becker']"
56.23,"['Pierre_Emerick_Aubameyang_0_5836.jpg', 'Jose_Mourinho_0_6909.jpg']","['Pierre Emerick Aubameyang', 'Jose Mourinho']"
45.4,"['ronaldo12.jpg', 'Petr_Cech_0_3422.jpg']","['Cristiano Ronaldo', 'Petr Cech']"
39.37,"['Kai_Havertz_0_3367.jpg', 'Memphis_Depay_0_5451.jpg']","['Kai Havertz', 'Memphis Depay']"
51.46,"['Philippe_Coutinho_0_3272.jpg', 'Roberto_Firmino_0_3668.jpg']","['Philippe Coutinho', 'Roberto Firmino']"
44.11,"['Lionel_Messi_0_7980.jpg', 'Kaka_0_6310.jpg']","['Lionel Messi', 'Kaka']"
42.83,"['Sadio_Mane_0_2707.jpg', 'Jurgen_Klopp_0_9352.jpg']","['Sadio Mane', 'Jurgen Klopp']"
49.57,"['Antoine_Griezmann_0_7402.jpg', 'Cristiano_Ronaldo_0_546.jpg']","['Antoine Griezmann', 'Cristiano Ronaldo']"
53.85,"['Zlatan_Ibrahimovic_0_7265.jpg', 'Hugo_Lloris_0_9697.jpg']","['Zlatan Ibrahimovic', 'Hugo Lloris']"
55.61,"['aubameyang12.jpg', 'Gerard_Pique_0_481.jpg']","['Pierre Emerick Aubameyang', 'Gerard Pique']"
51.28,"['ronaldinho1.jpg', 'Michael_Ballack_0_1060.jpg']","['Ronaldinho', 'Michael Ballack']"
53.39,"['Freddie_Ljungberg_0_4047.jpg', 'leno12.jpg']","['Freddie Ljungberg', 'Bernd Leno']"
53.05,"['Roberto_Firmino_0_4211.jpg', 'Luis_Figo_0_1616.jpg']","['Roberto Firmino', 'Luis Figo']"
47.96,"['Cristiano_Ronaldo_0_125.jpg', 'Ederson_Moraes_0_9627.jpg']","['Cristiano Ronaldo', 'Ederson Moraes']"
42.57,"['Gareth_Bale_0_9169.jpg', 'Romelu_Lukaku_0_5222.jpg']","['Gareth Bale', 'Romelu Lukaku']"
56.79,"['Roberto_Carlos_0_2409.jpg', 'Pierre_Emerick_Aubameyang_0_7504.jpg']","['Roberto Carlos', 'Pierre Emerick Aubameyang']"
48.78,"['raul1.jpg', 'Timo_Werner_0_8530.jpg']","['Raul', 'Timo Werner']"
62.62,"['Thomas_Tuchel_0_2812.jpg', 'Sergio_Augero_0_542.jpg']","['Thomas Tuchel', 'Sergio Augero']"
51.1,"['Cristiano_Ronaldo_0_6657.jpg', 'Julian_Draxler_0_8401.jpg']","['Cristiano Ronaldo', 'Julian Draxler']"
65.95,"['Raul_0_4483.jpg', 'Robert_Lewandowski_0_1908.jpg']","['Raul', 'Robert Lewandowski']"
53.27,"['Frank_Lampard_0_6236.jpg', 'Alexandre_Lacazette_0_8109.jpg']","['Frank Lampard', 'Alexandre Lacazette']"
51.9,"['Luis Suarez_0_9784.jpg', 'Wayne_Rooney_0_4857.jpg']","['Luis Suarez', 'Wayne Rooney']"
50.48,"['Mohammad_Salah_0_102.jpg', 'Giorgio_Chiellini_0_510.jpg']","['Mohammad Salah', 'Giorgio Chiellini']"
50.94,"['Thiago_Silva_0_9282.jpg', 'Roberto_Firmino_0_2857.jpg']","['Thiago Silva', 'Roberto Firmino']"
55.99,"['Iker_Casillas_0_2263.jpg', 'Timo_Werner_0_788.jpg']","['Iker Casillas', 'Timo Werner']"
56.86,"['Thomas_Tuchel_0_8652.jpg', 'Kai_Havertz_0_6253.jpg']","['Thomas Tuchel', 'Kai Havertz']"
50.45,"['Carles_Puyol_0_9598.jpg', 'Thomas_Lemar_0_9595.jpg']","['Carles Puyol', 'Thomas Lemar']"
52.14,"['chiellini12.jpg', 'Paulo_Dybala_0_7616.jpg']","['Giorgio Chiellini', 'Paulo Dybala']"
71.76,"['Raul_0_6729.jpg', 'Michael_Owen_0_7530.jpg']","['Raul', 'Michael Owen']"
41.87,"['Didier_Drogba_0_2536.jpg', 'Giorgio_Chiellini_0_450.jpg']","['Didier Drogba', 'Giorgio Chiellini']"
38.24,"['Sergio_Augero_0_2966.jpg', 'Kylian_Mbappe_0_8672.jpg']","['Sergio Augero', 'Kylian Mbappe']"
62.19,"['Jurgen_Klopp_0_4123.jpg', 'Bernando_Silva_0_262.jpg']","['Jurgen Klopp', 'Bernando Silva']"
65.32,"['ramos1.jpg', 'Thierry_Henry_0_6060.jpg']","['Sergio Ramos', 'Thierry Henry']"
40.38,"['Ronaldo_0_9123.jpg', 'Michael_Ballack_0_5409.jpg']","['Ronaldo', 'Michael Ballack']"
43.67,"['Raheem_Sterling_0_2413.jpg', 'Frank_Lampard_0_1265.jpg']","['Raheem Sterling', 'Frank Lampard']"
44.01,"['sterling12.jpg', 'Kevin_de_Bruyne_0_7434.jpg']","['Raheem Sterling', 'Kevin de Bruyne']"
64.57,"['David_Beckham_0004.jpg', 'Timo_Werner_0_9247.jpg']","['David Beckham', 'Timo Werner']"
50.7,"['depay1.jpg', 'Peter_Schmeichel_0_1145.jpg']","['Memphis Depay', 'Peter Schmeichel']"
47.11,"['Zinedine_Zidane_0_6705.jpg', 'Xabi_Alonso_0_2840.jpg']","['Zinedine Zidane', 'Xabi Alonso']"
59.49,"['Alisson_Becker_0_6135.jpg', 'Michael_Ballack_0_4876.jpg']","['Alisson Becker', 'Michael Ballack']"
62.7,"['Freddie_Ljungberg_0_3246.jpg', 'insigne1.jpg']","['Freddie Ljungberg', 'Lorenzo Insigne']"
43.75,"['Thomas_Tuchel_0_4274.jpg', 'Mario_Gotze_0_7260.jpg']","['Thomas Tuchel', 'Mario Gotze']"
61.69,"['Christian_Eriksen_0_8093.jpg', 'Lucas_Moura_0_8803.jpg']","['Christian Eriksen', 'Lucas Moura']"
50.31,"['Vincent_Kompany_0_5575.jpg', 'Robbie_Fowler_0_2348.jpg']","['Vincent Kompany', 'Robbie Fowler']"
52.67,"['Robert_Lewandowski_0_9350.jpg', 'Mohammad_Salah_0_2661.jpg']","['Robert Lewandowski', 'Mohammad Salah']"
63.77,"['Vincent_Kompany_0_1535.jpg', 'pogba12.jpg']","['Vincent Kompany', 'Paul Pogba']"
46.14,"['Gianluigi_Buffon_0_582.jpg', 'Thibaut_Courtois_0_8973.jpg']","['Gianluigi Buffon', 'Thibaut Courtois']"
50.54,"['Robert_Pires_0_7008.jpg', 'Lionel_Messi_0_8950.jpg']","['Robert Pires', 'Lionel Messi']"
54.88,"['ljungberg12.jpg', 'Thierry_Henry_0_5068.jpg']","['Freddie Ljungberg', 'Thierry Henry']"
60.43,"['Freddie_Ljungberg_0_4047.jpg', 'Luka_Modric_0_8867.jpg']","['Freddie Ljungberg', 'Luka Modric']"
45.2,"['Thomas_Tuchel_0_4274.jpg', 'Bernando_Silva_0_1164.jpg']","['Thomas Tuchel', 'Bernando Silva']"
53.66,"['Carlos_Tevez_0_2622.jpg', 'Philippe_Coutinho_0_912.jpg']","['Carlos Tevez', 'Philippe Coutinho']"
40.95,"['Bernd_Leno_0_682.jpg', 'Angel_di_Maria_0_9946.jpg']","['Bernd Leno', 'Angel di Maria']"
70.8,"['Frank_Lampard_0_3872.jpg', 'Jan_Oblak_0_5166.jpg']","['Frank Lampard', 'Jan Oblak']"
61.62,"['Freddie_Ljungberg_0_9068.jpg', 'Carles_Puyol_0_6134.jpg']","['Freddie Ljungberg', 'Carles Puyol']"
64.12,"['Gerard_Pique_0_5809.jpg', 'Robert_Lewandowski_0_1908.jpg']","['Gerard Pique', 'Robert Lewandowski']"
60.4,"['Luka_Modric_0_6813.jpg', 'Ryan_Giggs_0_7671.jpg']","['Luka Modric', 'Ryan Giggs']"
40.62,"['Heung_Min_Son_0_1919.jpg', 'Thomas_Tuchel_0_9753.jpg']","['Heung Min Son', 'Thomas Tuchel']"
55.61,"['Pierre_Emerick_Aubameyang_0_6465.jpg', 'Paul_Pogba_0_7920.jpg']","['Pierre Emerick Aubameyang', 'Paul Pogba']"
62.14,"['Sergio_Augero_0_4167.jpg', 'Vincent_Kompany_0_1205.jpg']","['Sergio Augero', 'Vincent Kompany']"
51.53,"['Marc-Andre_ter_Stegen_0_2205.jpg', 'Zinedine_Zidane_0_6765.jpg']","['Marc-Andre ter Stegen', 'Zinedine Zidane']"
41.24,"['Hugo_Lloris_0_8508.jpg', 'Jose_Mourinho_0_4033.jpg']","['Hugo Lloris', 'Jose Mourinho']"
41.52,"['Leroy_Sane_0_6528.jpg', 'Marco_Reus_0_5409.jpg']","['Leroy Sane', 'Marco Reus']"
71.87,"['Sergio_Ramos_0_931.jpg', 'Lionel_Messi_0_7490.jpg']","['Sergio Ramos', 'Lionel Messi']"
54.68,"['buffon12.jpg', 'Paul_Pogba_0_9875.jpg']","['Gianluigi Buffon', 'Paul Pogba']"
46.84,"['Carles_Puyol_0_9944.jpg', 'Freddie_Ljungberg_0_7959.jpg']","['Carles Puyol', 'Freddie Ljungberg']"
36.15,"['Sergio_Augero_0_2209.jpg', 'Zinedine_Zidane_0_5387.jpg']","['Sergio Augero', 'Zinedine Zidane']"
42.65,"['Robbie_Fowler_0_3721.jpg', 'Harry_Kewell_0_9801.jpg']","['Robbie Fowler', 'Harry Kewell']"
52.52,"['Gareth_Bale_0_5074.jpg', 'Harry_Kewell_0_4400.jpg']","['Gareth Bale', 'Harry Kewell']"
51.03,"['Roberto_Firmino_0_4164.jpg', 'Didier_Drogba_0_8962.jpg']","['Roberto Firmino', 'Didier Drogba']"
44.5,"['mourinho1.jpg', 'Roberto_Carlos_0_2409.jpg']","['Jose Mourinho', 'Roberto Carlos']"
48.88,"['Thomas_Muller_0_7101.jpg', 'Javier_Mascherano_0_8823.jpg']","['Thomas Muller', 'Javier Mascherano']"
45.73,"['Thierry_Henry_0_5068.jpg', 'mourinho12.jpg']","['Thierry Henry', 'Jose Mourinho']"
54.63,"['Jose_Mourinho_0_3503.jpg', 'Peter_Schmeichel_0_8552.jpg']","['Jose Mourinho', 'Peter Schmeichel']"
60.46,"['David_Beckham_0_2695.jpg', 'Carlos_Tevez_0_1879.jpg']","['David Beckham', 'Carlos Tevez']"
66.66,"['Lorenzo_Insigne_0_6865.jpg', 'Oliver_Giroud_0_5512.jpg']","['Lorenzo Insigne', 'Oliver Giroud']"
56.21,"['Javier_Mascherano_0_9930.jpg', 'Mohammad_Salah_0_7219.jpg']","['Javier Mascherano', 'Mohammad Salah']"
42.53,"['Robbie_Fowler_0_1299.jpg', 'Robert_Pires_0_7008.jpg']","['Robbie Fowler', 'Robert Pires']"
42.85,"['Angel_di_Maria_0_8550.jpg', 'Marco_Reus_0_4468.jpg']","['Angel di Maria', 'Marco Reus']"
46.28,"['Memphis_Depay_0_1772.jpg', 'Timo_Werner_0_264.jpg']","['Memphis Depay', 'Timo Werner']"
63.82,"['Roberto_Carlos_0_8154.jpg', 'Alexis_Sanchez_0_7534.jpg']","['Roberto Carlos', 'Alexis Sanchez']"
58.59,"['Virgil_van_Dijk_0_7926.jpg', 'Romelu_Lukaku_0_5890.jpg']","['Virgil van Dijk', 'Romelu Lukaku']"
38.99,"['Memphis_Depay_0_5101.jpg', 'Angel_di_Maria_0_4884.jpg']","['Memphis Depay', 'Angel di Maria']"
38.3,"['Philippe_Coutinho_0_4973.jpg', 'puyol1.jpg']","['Philippe Coutinho', 'Carles Puyol']"
50.25,"['Steven_Gerrard_0_8068.jpg', 'Didier_Drogba_0_9203.jpg']","['Steven Gerrard', 'Didier Drogba']"
57.18,"['Wayne_Rooney_0_3318.jpg', 'Falcao_0_8105.jpg']","['Wayne Rooney', 'Falcao']"
65.68,"['Memphis_Depay_0_5451.jpg', 'Xabi_Alonso_0_9019.jpg']","['Memphis Depay', 'Xabi Alonso']"
46.22,"['Angel_di_Maria_0_7131.jpg', 'Paul_Pogba_0_9002.jpg']","['Angel di Maria', 'Paul Pogba']"
62.27,"['Karim_Benzema_0_9512.jpg', 'Philippe_Coutinho_0_8678.jpg']","['Karim Benzema', 'Philippe Coutinho']"
40.47,"['Sergio_Augero_0_9130.jpg', 'David_Beckham_0_5624.jpg']","['Sergio Augero', 'David Beckham']"
62.32,"['Lorenzo_Insigne_0_3039.jpg', 'Iker_Casillas_0_3372.jpg']","['Lorenzo Insigne', 'Iker Casillas']"
43.74,"['Harry_Kane_0_5364.jpg', 'Sadio_Mane_0_8500.jpg']","['Harry Kane', 'Sadio Mane']"
43.15,"['Joao_Felix_0_8393.jpg', 'Didier_Drogba_0_9203.jpg']","['Joao Felix', 'Didier Drogba']"
38.49,"['zidane1.jpg', 'Timo_Werner_0_2842.jpg']","['Zinedine Zidane', 'Timo Werner']"
60.33,"['Freddie_Ljungberg_0_3434.jpg', 'gotze12.jpg']","['Freddie Ljungberg', 'Mario Gotze']"
39.74,"['Peter_Schmeichel_0_170.jpg', 'Kai_Havertz_0_1313.jpg']","['Peter Schmeichel', 'Kai Havertz']"
65.38,"['Karim_Benzema_0_7200.jpg', 'Harry_Kewell_0_1322.jpg']","['Karim Benzema', 'Harry Kewell']"
43.68,"['Christian_Eriksen_0_7576.jpg', 'Paulo_Dybala_0_7079.jpg']","['Christian Eriksen', 'Paulo Dybala']"
44.23,"['Luka_Modric_0_9239.jpg', 'Kalidou_Koulibaly_0_2642.jpg']","['Luka Modric', 'Kalidou Koulibaly']"
55.14,"['Jose_Mourinho_0_3733.jpg', 'Kalidou_Koulibaly_0_8925.jpg']","['Jose Mourinho', 'Kalidou Koulibaly']"
59.42,"['Memphis_Depay_0_4087.jpg', 'David_Luiz_0_7784.jpg']","['Memphis Depay', 'David Luiz']"
90.66,"['Thomas_Lemar_0_8080.jpg', 'Raheem_Sterling_0_2936.jpg']","['Thomas Lemar', 'Raheem Sterling']"
32.18,"['Philippe_Coutinho_0_912.jpg', 'Oliver_Kahn_0_9774.jpg']","['Philippe Coutinho', 'Oliver Kahn']"
59.6,"['Philippe_Coutinho_0_6175.jpg', 'Joao_Felix_0_424.jpg']","['Philippe Coutinho', 'Joao Felix']"
52.32,"['Hugo_Lloris_0_8605.jpg', 'Bernd_Leno_0_4446.jpg']","['Hugo Lloris', 'Bernd Leno']"
53.52,"['Bernando_Silva_0_2608.jpg', 'Raheem_Sterling_0_1968.jpg']","['Bernando Silva', 'Raheem Sterling']"
30.03,"['Virgil_van_Dijk_0_4080.jpg', 'Robert_Pires_0_2791.jpg']","['Virgil van Dijk', 'Robert Pires']"
33.96,"['Romelu_Lukaku_0_1127.jpg', 'Xabi_Alonso_0_198.jpg']","['Romelu Lukaku', 'Xabi Alonso']"
43.75,"['Cristiano_Ronaldo_0_125.jpg', 'Dries_Mertens_0_2735.jpg']","['Cristiano Ronaldo', 'Dries Mertens']"
51.17,"['Carlos_Tevez_0_9965.jpg', 'Carles_Puyol_0_9761.jpg']","['Carlos Tevez', 'Carles Puyol']"
48.66,"['Memphis_Depay_0_5362.jpg', 'Fernando_Torres_0_7460.jpg']","['Memphis Depay', 'Fernando Torres']"
54.54,"['Dries_Mertens_0_2241.jpg', 'Ryan_Giggs_0_3964.jpg']","['Dries Mertens', 'Ryan Giggs']"
51.53,"['Marco_Reus_0_6111.jpg', 'Javier_Mascherano_0_2617.jpg']","['Marco Reus', 'Javier Mascherano']"
58.59,"['Ronaldo_0_198.jpg', 'Kalidou_Koulibaly_0_3679.jpg']","['Ronaldo', 'Kalidou Koulibaly']"
54.36,"['Lucas_Moura_0_5505.jpg', 'Wayne_Rooney_0_738.jpg']","['Lucas Moura', 'Wayne Rooney']"
32.36,"['Roberto_Firmino_0_8704.jpg', 'Oliver_Kahn_0_8683.jpg']","['Roberto Firmino', 'Oliver Kahn']"
57.19,"['Falcao_0_7616.jpg', 'Alisson_Becker_0_5633.jpg']","['Falcao', 'Alisson Becker']"
47.64,"['Luis_Figo_0_7194.jpg', 'Kalidou_Koulibaly_0_3679.jpg']","['Luis Figo', 'Kalidou Koulibaly']"
51.55,"['Alexandre_Lacazette_0_3900.jpg', 'Thibaut_Courtois_0_6220.jpg']","['Alexandre Lacazette', 'Thibaut Courtois']"
51.82,"['Ryan_Giggs_0_2137.jpg', 'Joao_Felix_0_4209.jpg']","['Ryan Giggs', 'Joao Felix']"
56.64,"['Fernando_Torres_0_4544.jpg', 'Steven_Gerrard_0_4929.jpg']","['Fernando Torres', 'Steven Gerrard']"
58.25,"['Vincent_Kompany_0_9434.jpg', 'Carlos_Tevez_0_9965.jpg']","['Vincent Kompany', 'Carlos Tevez']"
57.31,"['Robert_Lewandowski_0_1747.jpg', 'Eden_Hazard_0_6732.jpg']","['Robert Lewandowski', 'Eden Hazard']"
42.11,"['Virgil_van_Dijk_0_3863.jpg', 'Gerard_Pique_0_2856.jpg']","['Virgil van Dijk', 'Gerard Pique']"
59.89,"['Michael_Owen_0_9941.jpg', 'Christian_Eriksen_0_4998.jpg']","['Michael Owen', 'Christian Eriksen']"
51.6,"['gerrard12.jpg', 'Raul_0_3998.jpg']","['Steven Gerrard', 'Raul']"
50.62,"['Frank_Lampard_0_5015.jpg', 'Alexandre_Lacazette_0_323.jpg']","['Frank Lampard', 'Alexandre Lacazette']"
53.72,"['Didier_Drogba_0_9991.jpg', 'Kevin_de_Bruyne_0_2849.jpg']","['Didier Drogba', 'Kevin de Bruyne']"
61.55,"['Lucas_Moura_0_5505.jpg', 'Gabriel_Jesus_0_7388.jpg']","['Lucas Moura', 'Gabriel Jesus']"
59.67,"['Dries_Mertens_0_479.jpg', 'gerrard12.jpg']","['Dries Mertens', 'Steven Gerrard']"
60.92,"['Michael_Owen_0_4222.jpg', 'gerrard12.jpg']","['Michael Owen', 'Steven Gerrard']"
52.6,"['dimaria1.jpg', 'Raul_0_3539.jpg']","['Angel di Maria', 'Raul']"
51.14,"['Manuel_Neuer_0_5831.jpg', 'Falcao_0_2420.jpg']","['Manuel Neuer', 'Falcao']"
43.74,"['Ryan_Giggs_0_3489.jpg', 'Gianluigi_Buffon_0_9036.jpg']","['Ryan Giggs', 'Gianluigi Buffon']"
57.83,"['Ronaldo_0_198.jpg', 'Vincent_Kompany_0_9434.jpg']","['Ronaldo', 'Vincent Kompany']"
55.04,"['Carlos_Tevez_0_6135.jpg', 'Thibaut_Courtois_0_4385.jpg']","['Carlos Tevez', 'Thibaut Courtois']"
31.87,"['Kylian_Mbappe_0_431.jpg', 'Christian_Eriksen_0_8530.jpg']","['Kylian Mbappe', 'Christian Eriksen']"
69.39,"['Alisson_Becker_0_5821.jpg', 'salah12.jpg']","['Alisson Becker', 'Mohammad Salah']"
36.94,"['Jurgen_Klopp_0_7154.jpg', 'Cristiano_Ronaldo_0_4206.jpg']","['Jurgen Klopp', 'Cristiano Ronaldo']"
65.31,"['Angel_di_Maria_0_1252.jpg', 'Oliver_Giroud_0_5512.jpg']","['Angel di Maria', 'Oliver Giroud']"
47.65,"['Ederson_Moraes_0_5234.jpg', 'Kalidou_Koulibaly_0_6974.jpg']","['Ederson Moraes', 'Kalidou Koulibaly']"
56.35,"['Hugo_Lloris_0_5415.jpg', 'Joao_Felix_0_1014.jpg']","['Hugo Lloris', 'Joao Felix']"
40.36,"['Kalidou_Koulibaly_0_9752.jpg', 'Robert_Pires_0_6809.jpg']","['Kalidou Koulibaly', 'Robert Pires']"
45.27,"['Bernd_Leno_0_3956.jpg', 'Eden_Hazard_0_1976.jpg']","['Bernd Leno', 'Eden Hazard']"
37.83,"['Robert_Pires_0_7943.jpg', 'Carles_Puyol_0_6134.jpg']","['Robert Pires', 'Carles Puyol']"
60.34,"['Carlos_Tevez_0_3227.jpg', 'alonso12.jpg']","['Carlos Tevez', 'Xabi Alonso']"
54.51,"['Cristiano_Ronaldo_0_5137.jpg', 'Chrisitan_Pulisic_0_2888.jpg']","['Cristiano Ronaldo', 'Chrisitan Pulisic']"
53.18,"['Gianluigi_Buffon_0_8286.jpg', 'depay1.jpg']","['Gianluigi Buffon', 'Memphis Depay']"
68.59,"['Carlos_Tevez_0_3227.jpg', 'Michael_Owen_0_8695.jpg']","['Carlos Tevez', 'Michael Owen']"
47.83,"['Thibaut_Courtois_0_8678.jpg', 'Memphis_Depay_0_9446.jpg']","['Thibaut Courtois', 'Memphis Depay']"
50.75,"['neuer12.jpg', 'Thibaut_Courtois_0_6766.jpg']","['Manuel Neuer', 'Thibaut Courtois']"
44.88,"['David_Beckham_0_3350.jpg', 'Michael_Ballack_0_4693.jpg']","['David Beckham', 'Michael Ballack']"
52.3,"['Wayne_Rooney_0_5441.jpg', 'Bernd_Leno_0_682.jpg']","['Wayne Rooney', 'Bernd Leno']"
43.39,"['Michael_Ballack_0_7520.jpg', 'Angel_di_Maria_0_2237.jpg']","['Michael Ballack', 'Angel di Maria']"
61.79,"['Mohammad_Salah_0_591.jpg', 'Ederson_Moraes_0_7273.jpg']","['Mohammad Salah', 'Ederson Moraes']"
44.2,"['Marco_Reus_0_4401.jpg', 'Falcao_0_3622.jpg']","['Marco Reus', 'Falcao']"
59.24,"['Fernando_Torres_0_2859.jpg', 'Zinedine_Zidane_0_9203.jpg']","['Fernando Torres', 'Zinedine Zidane']"
45.54,"['Joao_Felix_0_8993.jpg', 'Mohammad_Salah_0_6335.jpg']","['Joao Felix', 'Mohammad Salah']"
52.67,"['Alexandre_Lacazette_0_3475.jpg', 'Paulo_Dybala_0_7523.jpg']","['Alexandre Lacazette', 'Paulo Dybala']"
61.99,"['Timo_Werner_0_7096.jpg', 'Sergio_Augero_0_542.jpg']","['Timo Werner', 'Sergio Augero']"
40.86,"['Roberto_Firmino_0_3201.jpg', 'Luis_Figo_0_4121.jpg']","['Roberto Firmino', 'Luis Figo']"
69.69,"['Virgil_van_Dijk_0_7398.jpg', 'Toni_Kroos_0_2454.jpg']","['Virgil van Dijk', 'Toni Kroos']"
40.49,"['Robert_Lewandowski_0_7999.jpg', 'kane12.jpg']","['Robert Lewandowski', 'Harry Kane']"
46.88,"['Bernd_Leno_0_2581.jpg', 'Xabi_Alonso_0_4951.jpg']","['Bernd Leno', 'Xabi Alonso']"
37.48,"['Oliver_Kahn_0_322.jpg', 'Virgil_van_Dijk_0_2476.jpg']","['Oliver Kahn', 'Virgil van Dijk']"
43.56,"['Gianluigi_Buffon_0_4283.jpg', 'David_Beckham_0_6513.jpg']","['Gianluigi Buffon', 'David Beckham']"
66.0,"['Robert_Lewandowski_0_1336.jpg', 'sanchez12.jpg']","['Robert Lewandowski', 'Alexis Sanchez']"
48.23,"['Fernando_Torres_0_9246.jpg', 'kompany12.jpg']","['Fernando Torres', 'Vincent Kompany']"
52.45,"['Kylian_Mbappe_0_6483.jpg', 'Kaka_0_5097.jpg']","['Kylian Mbappe', 'Kaka']"
52.8,"['Christian_Eriksen_0_1036.jpg', 'Robert_Lewandowski_0_6670.jpg']","['Christian Eriksen', 'Robert Lewandowski']"
61.04,"['Giorgio_Chiellini_0_1298.jpg', 'Pierre_Emerick_Aubameyang_0_4115.jpg']","['Giorgio Chiellini', 'Pierre Emerick Aubameyang']"
39.51,"['Virgil_van_Dijk_0_3863.jpg', 'Thomas_Muller_0_3074.jpg']","['Virgil van Dijk', 'Thomas Muller']"
56.82,"['casillas12.jpg', 'Jan_Oblak_0_1741.jpg']","['Iker Casillas', 'Jan Oblak']"
38.1,"['Heung_Min_Son_0_3705.jpg', 'Virgil_van_Dijk_0_4080.jpg']","['Heung Min Son', 'Virgil van Dijk']"
47.73,"['Chrisitan_Pulisic_0_7826.jpg', 'Romelu_Lukaku_0_1285.jpg']","['Chrisitan Pulisic', 'Romelu Lukaku']"
62.99,"['Joao_Felix_0_7244.jpg', 'Kai_Havertz_0_4558.jpg']","['Joao Felix', 'Kai Havertz']"
52.24,"['Alexis_Sanchez_0_6772.jpg', 'Jose_Mourinho_0_3079.jpg']","['Alexis Sanchez', 'Jose Mourinho']"
50.58,"['Gianluigi_Buffon_0_5570.jpg', 'David_Beckham_0_226.jpg']","['Gianluigi Buffon', 'David Beckham']"
39.5,"['Gianluigi_Buffon_0_4172.jpg', 'Vincent_Kompany_0_2349.jpg']","['Gianluigi Buffon', 'Vincent Kompany']"
53.2,"['Chrisitan_Pulisic_0_4077.jpg', 'Thierry_Henry_0_8858.jpg']","['Chrisitan Pulisic', 'Thierry Henry']"
52.91,"['Robbie_Fowler_0_945.jpg', 'Sergio_Augero_0_4812.jpg']","['Robbie Fowler', 'Sergio Augero']"
47.23,"['jesus1.jpg', 'Alexis_Sanchez_0_9488.jpg']","['Gabriel Jesus', 'Alexis Sanchez']"
36.46,"['David_Luiz_0_1015.jpg', 'Iker_Casillas_0_6908.jpg']","['David Luiz', 'Iker Casillas']"
39.36,"['Alexis_Sanchez_0_5410.jpg', 'Lucas_Moura_0_5505.jpg']","['Alexis Sanchez', 'Lucas Moura']"
48.46,"['David_Luiz_0_7981.jpg', 'Sergio_Augero_0_2209.jpg']","['David Luiz', 'Sergio Augero']"
51.6,"['Pierre_Emerick_Aubameyang_0_7702.jpg', 'Zinedine_Zidane_0_141.jpg']","['Pierre Emerick Aubameyang', 'Zinedine Zidane']"
39.46,"['Marco_Reus_0_5763.jpg', 'Vincent_Kompany_0_2933.jpg']","['Marco Reus', 'Vincent Kompany']"
25.69,"['Heung_Min_Son_0_4895.jpg', 'kane12.jpg']","['Heung Min Son', 'Harry Kane']"
53.55,"['Jurgen_Klopp_0_4123.jpg', 'Carles_Puyol_0_7574.jpg']","['Jurgen Klopp', 'Carles Puyol']"
51.27,"['Mario_Gotze_0_4340.jpg', 'Javier_Mascherano_0_9666.jpg']","['Mario Gotze', 'Javier Mascherano']"
51.35,"['Gabriel_Jesus_0_9079.jpg', 'Lorenzo_Insigne_0_2146.jpg']","['Gabriel Jesus', 'Lorenzo Insigne']"
42.02,"['Michael_Owen_0_8695.jpg', 'Zinedine_Zidane_0_4658.jpg']","['Michael Owen', 'Zinedine Zidane']"
57.09,"['Michael_Owen_0_7530.jpg', 'Pierre_Emerick_Aubameyang_0_2320.jpg']","['Michael Owen', 'Pierre Emerick Aubameyang']"
53.73,"['Luka_Modric_0_5135.jpg', 'kane12.jpg']","['Luka Modric', 'Harry Kane']"
64.14,"['Pep_Guardiola_0_5391.jpg', 'Javier_Mascherano_0_4845.jpg']","['Pep Guardiola', 'Javier Mascherano']"
45.67,"['Alexis_Sanchez_0_2390.jpg', 'Lionel_Messi_0_2784.jpg']","['Alexis Sanchez', 'Lionel Messi']"
58.55,"['Kevin_de_Bruyne_0_1540.jpg', 'Michael_Owen_0_5199.jpg']","['Kevin de Bruyne', 'Michael Owen']"
57.57,"['David_Beckham_0_9390.jpg', 'Paulo_Dybala_0_3969.jpg']","['David Beckham', 'Paulo Dybala']"
71.84,"['Luis_Figo_0_7194.jpg', 'Thibaut_Courtois_0_5288.jpg']","['Luis Figo', 'Thibaut Courtois']"
51.98,"['Alisson_Becker_0_8139.jpg', 'Thomas_Muller_0_8141.jpg']","['Alisson Becker', 'Thomas Muller']"
53.68,"['Georginio_Wijnaldum_0_5867.jpg', 'Luis_Figo_0_6751.jpg']","['Georginio Wijnaldum', 'Luis Figo']"
43.7,"['John_Terry_0_4472.jpg', 'Angel_di_Maria_0_4884.jpg']","['John Terry', 'Angel di Maria']"
47.03,"['falcao1.jpg', 'David_Beckham_0_5624.jpg']","['Falcao', 'David Beckham']"
41.21,"['Marco_Reus_0_5409.jpg', 'Lionel_Messi_0_5551.jpg']","['Marco Reus', 'Lionel Messi']"
43.93,"['John_Terry_0_8447.jpg', 'Mohammad_Salah_0_6323.jpg']","['John Terry', 'Mohammad Salah']"
66.33,"['Kai_Havertz_0_4152.jpg', 'Kaka_0_1520.jpg']","['Kai Havertz', 'Kaka']"
55.96,"['Luka_Modric_0_9239.jpg', 'Carlos_Tevez_0_9965.jpg']","['Luka Modric', 'Carlos Tevez']"
41.49,"['Jose_Mourinho_0_4815.jpg', 'Timo_Werner_0_2842.jpg']","['Jose Mourinho', 'Timo Werner']"
51.89,"['Gianluigi_Buffon_0_9854.jpg', 'Carles_Puyol_0_7574.jpg']","['Gianluigi Buffon', 'Carles Puyol']"
42.58,"['Bernando_Silva_0_9513.jpg', 'Peter_Schmeichel_0_170.jpg']","['Bernando Silva', 'Peter Schmeichel']"
33.15,"['Heung_Min_Son_0_2401.jpg', 'Lucas_Moura_0_1082.jpg']","['Heung Min Son', 'Lucas Moura']"
65.25,"['Marco_Reus_0_9089.jpg', 'Thomas_Muller_0_4332.jpg']","['Marco Reus', 'Thomas Muller']"
64.39,"['Xabi_Alonso_0_4538.jpg', 'Michael_Ballack_0_5855.jpg']","['Xabi Alonso', 'Michael Ballack']"
65.91,"['Karim_Benzema_0_3258.jpg', 'Mohammad_Salah_0_4475.jpg']","['Karim Benzema', 'Mohammad Salah']"
43.85,"['Angel_di_Maria_0_8426.jpg', 'John_Terry_0_3117.jpg']","['Angel di Maria', 'John Terry']"
58.14,"['Leroy_Sane_0_7310.jpg', 'Alexandre_Lacazette_0_7245.jpg']","['Leroy Sane', 'Alexandre Lacazette']"
56.92,"['Zlatan_Ibrahimovic_0_9392.jpg', 'tevez1.jpg']","['Zlatan Ibrahimovic', 'Carlos Tevez']"
43.41,"['Harry_Kane_0_1910.jpg', 'Chrisitan_Pulisic_0_885.jpg']","['Harry Kane', 'Chrisitan Pulisic']"
26.9,"['Giorgio_Chiellini_0_8186.jpg', 'Virgil_van_Dijk_0_2476.jpg']","['Giorgio Chiellini', 'Virgil van Dijk']"
51.87,"['Romelu_Lukaku_0_2014.jpg', 'Gabriel_Jesus_0_2434.jpg']","['Romelu Lukaku', 'Gabriel Jesus']"
48.21,"['Peter_Schmeichel_0_4193.jpg', 'alonso1.jpg']","['Peter Schmeichel', 'Xabi Alonso']"
58.9,"['Luis_Figo_0_3477.jpg', 'Angel_di_Maria_0_4046.jpg']","['Luis Figo', 'Angel di Maria']"
50.21,"['Thibaut_Courtois_0_1010.jpg', 'David_Beckham_0_6702.jpg']","['Thibaut Courtois', 'David Beckham']"
